event_id,event_type,event_timestamp,order_id,customer_id,order_status,order_type,customer_location,customer_segment,product_id,product_name,category,sku,quantity,unit_price,discount,subtotal,shipping_charges,total_order_value,payment_method,delivery_method,shipping_address,warehouse_id,stock_at_order,_source_producer
79c22994-d7ce-4b05-96d0-92db6b689150,ORDER_PLACED,2026-08-26T19:53:45+05:30,ORD-2026-600001,CUST-10119,PLACED,APP,Jaipur,New,PRD-2003,Smart Fitness Band,Electronics,SKU-2003-BLK-STD,1,2499.0,249.9,2499,0.0,2249.1,NET_BANKING,Express,"613, Palla Chowk, Jaipur - 302001",WH-DEL-01,30,crm-service
28b0f55e-97f8-42f2-a87b-2e717b0e959f,ORDER_PLACED,2026-08-26T19:53:45+05:30,ORD-2026-600002,CUST-10090,PLACED,APP,Kolkata,New,PRD-2001,Wireless Earbuds,Electronics,SKU-2001-WHT-STD,2,3499.0,699.8,6998,0.0,6298.2,COD,Express,"H.No. 89, Seth Zila, Kolkata - 700001",WH-MUM-02,45,crm-service
354cf899-b3eb-4568-abe6-c07bca03ae9e,ORDER_PLACED,2026-08-26T19:53:45+05:30,ORD-2026-600003,CUST-10185,PLACED,APP,Hyderabad,Prime,PRD-1003,Running Shoes,Footwear,SKU-1003-GRY-9,2,2799.0,0,5598,0.0,5598,COD,Standard,"48/40, Sani Circle, Hyderabad - 500001",WH-HYD-04,60,crm-service
ea958bcb-58fc-4827-8b75-c73e7ed79a77,ORDER_PLACED,2026-08-26T19:53:45+05:30,ORD-2026-600004,CUST-10118,PLACED,ONLINE,Chennai,New,PRD-1003,Running Shoes,Footwear,SKU-1003-GRY-9,1,2799.0,279.9,2799,0.0,2519.1,DEBIT_CARD,Standard,"24/07, Chauhan Path, Chennai - 600001",WH-BLR-03,58,crm-service
d5ed735c-d3d1-4073-b7c2-5c8b9533b872,ORDER_PLACED,2026-08-26T19:53:45+05:30,ORD-2026-600005,CUST-10120,PLACED,APP,Lucknow,New,PRD-1001,Cotton Crew Neck T-Shirt,Apparel,SKU-1001-BLK-M,2,899.0,0,1798,0.0,1798,DEBIT_CARD,Standard,"H.No. 530, Chaudhary Path, Lucknow - 226001",WH-DEL-01,120,crm-service
5a9e287e-2454-4525-8f69-6cb6318c29fc,ORDER_PLACED,2026-08-26T19:53:45+05:30,ORD-2026-600006,CUST-10051,PLACED,APP,Lucknow,New,PRD-5001,Yoga Mat 6mm,Sports,SKU-5001-PUR-6MM,1,1199.0,0,1199,0.0,1199,CREDIT_CARD,Standard,"735, Oak Road, Lucknow - 226001",WH-DEL-01,55,crm-service
c1414082-7005-4eb1-8b82-248ba465698f,ORDER_PLACED,2026-08-26T19:53:45+05:30,ORD-2026-600007,CUST-10029,PLACED,APP,Delhi NCR,New,PRD-4002,Roasted Almonds 500g,Grocery,SKU-4002-STD-500,2,799.0,79.9,1598,0.0,1518.1,UPI,Standard,"33, Palla Chowk, Delhi NCR - 110001",WH-BLR-03,140,crm-service
1f246199-fd80-41ea-94e4-520a0ef1c1c3,ORDER_PLACED,2026-08-26T19:53:45+05:30,ORD-2026-600008,CUST-10050,PLACED,APP,Chennai,Prime,PRD-1002,Slim Fit Denim Jeans,Apparel,SKU-1002-BLU-32,1,1999.0,399.8,1999,0.0,1599.2,CREDIT_CARD,Standard,"H.No. 31, Seshadri Road, Chennai - 600001",WH-BLR-03,80,crm-service
fce69a4d-dff8-411d-8b93-7f365543d7ef,ORDER_PLACED,2026-08-26T19:53:45+05:30,ORD-2026-600009,CUST-10094,PLACED,ONLINE,Delhi NCR,Repeat,PRD-1002,Slim Fit Denim Jeans,Apparel,SKU-1002-BLU-32,1,1999.0,99.95,1999,0.0,1899.05,UPI,Express,"H.No. 45, Som Street, Delhi NCR - 110001",WH-HYD-04,79,crm-service
2205028b-3d4e-4132-8858-b0824472ce99,ORDER_PLACED,2026-08-26T19:53:45+05:30,ORD-2026-600010,CUST-10181,PLACED,APP,Bengaluru,Repeat,PRD-1003,Running Shoes,Footwear,SKU-1003-GRY-9,1,2799.0,559.8,2799,0.0,2239.2,COD,Same-Day,"32/04, Sahni Circle, Bengaluru - 560001",WH-BLR-03,57,crm-service
ba5e4c10-d318-45c0-b5d6-8f683c231cc1,ORDER_PLACED,2026-08-26T19:53:45+05:30,ORD-2026-600011,CUST-10022,PLACED,ONLINE,Chennai,Repeat,PRD-2001,Wireless Earbuds,Electronics,SKU-2001-WHT-STD,3,3499.0,0,10497,0.0,10497,NET_BANKING,Standard,"H.No. 079, Chaudhry, Chennai - 600001",WH-HYD-04,43,crm-service
4dc7848d-d1a3-4cf7-888e-33943c3b770a,ORDER_PLACED,2026-08-26T19:53:45+05:30,ORD-2026-600012,CUST-10090,PLACED,APP,Kolkata,New,PRD-4002,Roasted Almonds 500g,Grocery,SKU-4002-STD-500,1,799.0,39.95,799,49.0,808.05,COD,Express,"H.No. 89, Seth Zila, Kolkata - 700001",WH-BLR-03,138,crm-service
9c3035a5-69ef-4904-b021-38dfaa4751b0,ORDER_PLACED,2026-08-26T19:53:45+05:30,ORD-2026-600013,CUST-10114,PLACED,ONLINE,Jaipur,Repeat,PRD-4002,Roasted Almonds 500g,Grocery,SKU-4002-STD-500,1,799.0,39.95,799,49.0,808.05,CREDIT_CARD,Standard,"H.No. 05, Gole Road, Jaipur - 302001",WH-MUM-02,137,crm-service
e3952746-78a4-4104-9483-1ac95ee32cf3,ORDER_PLACED,2026-08-26T19:53:45+05:30,ORD-2026-600014,CUST-10108,PLACED,ONLINE,Mumbai,New,PRD-4001,Organic Green Tea 250g,Grocery,SKU-4001-STD-250,1,499.0,24.95,499,49.0,523.05,WALLET,Standard,"717, Mitter Chowk, Mumbai - 400001",WH-BLR-03,180,crm-service
a8ae7c5c-302b-4e65-9006-79dcf07d00e7,ORDER_PLACED,2026-08-26T19:53:46+05:30,ORD-2026-600015,CUST-10123,PLACED,APP,Delhi NCR,New,PRD-2001,Wireless Earbuds,Electronics,SKU-2001-WHT-STD,2,3499.0,1049.7,6998,0.0,5948.3,COD,Standard,"24/609, Khosla Path, Delhi NCR - 110001",WH-DEL-01,40,crm-service
9afe6761-3797-4b3d-a8e8-d5bca1692197,ORDER_PLACED,2026-08-26T19:53:46+05:30,ORD-2026-600016,CUST-10181,PLACED,APP,Bengaluru,Repeat,PRD-3001,Stainless Steel Bottle 1L,Home,SKU-3001-SLV-1L,1,649.0,0,649,49.0,698,UPI,Standard,"32/04, Sahni Circle, Bengaluru - 560001",WH-MUM-02,200,crm-service
9b4e2a12-efdd-4f84-aad5-bff34e509dee,ORDER_PLACED,2026-08-26T19:53:46+05:30,ORD-2026-600017,CUST-10161,PLACED,MARKETPLACE,Mumbai,Repeat,PRD-3003,Ceramic Coffee Mug Set,Home,SKU-3003-WHT-SET,1,899.0,0,899,49.0,948,COD,Same-Day,"43, Narayanan Zila, Mumbai - 400001",WH-DEL-01,110,crm-service
69de5600-45fa-4b03-ae6b-6dc1d6ceba5a,ORDER_PLACED,2026-08-26T19:53:46+05:30,ORD-2026-600018,CUST-10158,PLACED,APP,Jaipur,Repeat,PRD-1004,Leather Formal Belt,Accessories,SKU-1004-BRN-FS,2,749.0,149.8,1498,0.0,1348.2,NET_BANKING,Express,"H.No. 657, Devan Zila, Jaipur - 302001",WH-BLR-03,150,crm-service
25b46701-7a0e-40a5-890e-2ffb538554de,ORDER_PLACED,2026-08-26T19:53:46+05:30,ORD-2026-600019,CUST-10169,PLACED,APP,Lucknow,Repeat,PRD-1002,Slim Fit Denim Jeans,Apparel,SKU-1002-BLU-32,1,1999.0,0,1999,0.0,1999,COD,Standard,"51, Bhasin Circle, Lucknow - 226001",WH-DEL-01,78,crm-service
6cc7b795-58b0-44f0-ab49-127d174d9b16,ORDER_PLACED,2026-08-26T19:53:46+05:30,ORD-2026-600020,CUST-10073,PLACED,APP,Ahmedabad,New,PRD-4001,Organic Green Tea 250g,Grocery,SKU-4001-STD-250,1,499.0,49.9,499,49.0,498.1,UPI,Express,"61/58, Nadig Marg, Ahmedabad - 380001",WH-BLR-03,179,crm-service
3647d1d9-d97a-4659-9e93-eacdebfb8473,ORDER_PLACED,2026-08-26T19:53:46+05:30,ORD-2026-600021,CUST-10112,PLACED,APP,Mumbai,Prime,PRD-1002,Slim Fit Denim Jeans,Apparel,SKU-1002-BLU-32,1,1999.0,99.95,1999,0.0,1899.05,WALLET,Standard,"90/515, Raju Zila, Mumbai - 400001",WH-BLR-03,77,crm-service
9e3751f3-aa02-4ba4-b4e7-70cbf822a5a8,ORDER_PLACED,2026-08-26T19:53:46+05:30,ORD-2026-600022,CUST-10110,PLACED,MARKETPLACE,Jaipur,New,PRD-4001,Organic Green Tea 250g,Grocery,SKU-4001-STD-250,1,499.0,24.95,499,49.0,523.05,UPI,Standard,"H.No. 97, Dora Circle, Jaipur - 302001",WH-DEL-01,178,crm-service
07be1ace-25bc-4997-b01b-63edc88a1625,ORDER_PLACED,2026-08-26T19:53:46+05:30,ORD-2026-600023,CUST-10166,PLACED,MARKETPLACE,Bengaluru,Repeat,PRD-2004,Bluetooth Speaker,Electronics,SKU-2004-BLU-STD,3,1899.0,0,5697,0.0,5697,COD,Standard,"33/91, Sekhon Circle, Bengaluru - 560001",WH-HYD-04,25,crm-service
8176e68b-4cd9-4bde-85db-f8dad3dbe536,ORDER_PLACED,2026-08-26T19:53:46+05:30,ORD-2026-600024,CUST-10026,PLACED,APP,Jaipur,Repeat,PRD-5001,Yoga Mat 6mm,Sports,SKU-5001-PUR-6MM,1,1199.0,119.9,1199,0.0,1079.1,WALLET,Standard,"68/01, Dixit Zila, Jaipur - 302001",WH-HYD-04,54,crm-service
93193e52-2f43-4abf-b123-c77d0b83ea93,ORDER_PLACED,2026-08-26T19:53:46+05:30,ORD-2026-600025,CUST-10052,PLACED,ONLINE,Bengaluru,Repeat,PRD-2001,Wireless Earbuds,Electronics,SKU-2001-WHT-STD,1,3499.0,174.95,3499,0.0,3324.05,NET_BANKING,Express,"67/837, Sem Chowk, Bengaluru - 560001",WH-HYD-04,38,crm-service
ccb7f6b3-632b-4cf5-a7b9-1a607dfbff96,ORDER_PLACED,2026-08-26T19:53:46+05:30,ORD-2026-600026,CUST-10040,PLACED,APP,Bengaluru,Prime,PRD-2001,Wireless Earbuds,Electronics,SKU-2001-WHT-STD,1,3499.0,524.85,3499,0.0,2974.15,NET_BANKING,Standard,"623, Sachdeva Zila, Bengaluru - 560001",WH-DEL-01,37,crm-service
66534a60-22c9-4fb0-b171-332ad5863284,ORDER_PLACED,2026-08-26T19:53:46+05:30,ORD-2026-600027,CUST-10106,PLACED,APP,Bengaluru,Repeat,PRD-2002,65W Fast Charger,Electronics,SKU-2002-BLK-STD,3,1299.0,584.55,3897,0.0,3312.45,DEBIT_CARD,Express,"521, Comar Circle, Bengaluru - 560001",WH-BLR-03,90,crm-service
63dae6c2-5d35-4a76-a705-2d105f022dd5,ORDER_PLACED,2026-08-26T19:53:46+05:30,ORD-2026-600028,CUST-10038,PLACED,APP,Bengaluru,Repeat,PRD-2004,Bluetooth Speaker,Electronics,SKU-2004-BLU-STD,1,1899.0,94.95,1899,0.0,1804.05,DEBIT_CARD,Standard,"95/79, Sandhu Circle, Bengaluru - 560001",WH-HYD-04,22,crm-service
08fa3639-4c2a-43d6-b066-e48f1f4eccad,ORDER_PLACED,2026-08-26T19:53:46+05:30,ORD-2026-600029,CUST-10025,PLACED,APP,Mumbai,Repeat,PRD-5001,Yoga Mat 6mm,Sports,SKU-5001-PUR-6MM,2,1199.0,0,2398,0.0,2398,COD,Express,"H.No. 01, Malhotra Marg, Mumbai - 400001",WH-DEL-01,53,crm-service
b3df31eb-0ec8-452e-af89-df78fc3ffee5,ORDER_PLACED,2026-08-26T19:53:46+05:30,ORD-2026-600030,CUST-10120,PLACED,APP,Lucknow,New,PRD-4002,Roasted Almonds 500g,Grocery,SKU-4002-STD-500,4,799.0,159.8,3196,0.0,3036.2,COD,Express,"H.No. 530, Chaudhary Path, Lucknow - 226001",WH-DEL-01,136,crm-service
59195de4-dc44-4c18-a314-67cb30dc287b,ORDER_PLACED,2026-08-26T19:53:47+05:30,ORD-2026-600031,CUST-10191,PLACED,APP,Jaipur,Repeat,PRD-1002,Slim Fit Denim Jeans,Apparel,SKU-1002-BLU-32,1,1999.0,0,1999,0.0,1999,WALLET,Express,"47/735, Prashad Circle, Jaipur - 302001",WH-DEL-01,76,crm-service
2b16026b-b5e2-4805-aea3-1b8a0ff0b03a,ORDER_PLACED,2026-08-26T19:53:47+05:30,ORD-2026-600032,CUST-10014,PLACED,APP,Chennai,Prime,PRD-2001,Wireless Earbuds,Electronics,SKU-2001-WHT-STD,1,3499.0,349.9,3499,0.0,3149.1,CREDIT_CARD,Standard,"H.No. 518, Mallick Ganj, Chennai - 600001",WH-HYD-04,36,crm-service
ab10c285-0c64-4c19-90c9-efb98485fd94,ORDER_PLACED,2026-08-26T19:53:47+05:30,ORD-2026-600033,CUST-10040,PLACED,APP,Bengaluru,Prime,PRD-1002,Slim Fit Denim Jeans,Apparel,SKU-1002-BLU-32,1,1999.0,99.95,1999,0.0,1899.05,COD,Standard,"623, Sachdeva Zila, Bengaluru - 560001",WH-HYD-04,75,crm-service
67421c62-838e-42a1-ba72-e360d0d83d17,ORDER_PLACED,2026-08-26T19:53:47+05:30,ORD-2026-600034,CUST-10123,PLACED,ONLINE,Delhi NCR,New,PRD-1002,Slim Fit Denim Jeans,Apparel,SKU-1002-BLU-32,1,1999.0,299.85,1999,0.0,1699.15,DEBIT_CARD,Standard,"24/609, Khosla Path, Delhi NCR - 110001",WH-BLR-03,74,crm-service
2bd7fd3f-f2b9-458d-80db-cfec716a96f9,ORDER_PLACED,2026-08-26T19:53:47+05:30,ORD-2026-600035,CUST-10196,PLACED,ONLINE,Chennai,New,PRD-3003,Ceramic Coffee Mug Set,Home,SKU-3003-WHT-SET,2,899.0,0,1798,0.0,1798,WALLET,Standard,"47, Patel Zila, Chennai - 600001",WH-DEL-01,109,crm-service
fdc82c63-1941-4e24-882a-532fc99162e7,ORDER_PLACED,2026-08-26T19:53:47+05:30,ORD-2026-600036,CUST-10023,PLACED,APP,Pune,New,PRD-5002,Adjustable Dumbbell 10kg,Sports,SKU-5002-BLK-10,1,2999.0,599.8,2999,0.0,2399.2,NET_BANKING,Standard,"H.No. 354, Sarma Street, Pune - 411001",WH-MUM-02,20,crm-service
3908821b-f44e-42a4-beb0-fb4e04739189,ORDER_PLACED,2026-08-26T19:53:47+05:30,ORD-2026-600037,CUST-10142,PLACED,APP,Mumbai,Repeat,PRD-2002,65W Fast Charger,Electronics,SKU-2002-BLK-STD,1,1299.0,129.9,1299,0.0,1169.1,UPI,Standard,"25/55, De Marg, Mumbai - 400001",WH-DEL-01,87,crm-service
2fda7d4b-3757-4743-8a3d-f134bf313295,ORDER_PLACED,2026-08-26T19:53:47+05:30,ORD-2026-600038,CUST-10163,PLACED,MARKETPLACE,Pune,Repeat,PRD-2002,65W Fast Charger,Electronics,SKU-2002-BLK-STD,1,1299.0,0,1299,0.0,1299,NET_BANKING,Standard,"753, Lal Nagar, Pune - 411001",WH-BLR-03,86,crm-service
b9f5fb2b-d442-4f91-9002-147682444d49,ORDER_PLACED,2026-08-26T19:53:47+05:30,ORD-2026-600039,CUST-10171,PLACED,APP,Hyderabad,Repeat,PRD-4001,Organic Green Tea 250g,Grocery,SKU-4001-STD-250,2,499.0,149.7,998,49.0,897.3,NET_BANKING,Standard,"H.No. 047, Samra Circle, Hyderabad - 500001",WH-MUM-02,177,crm-service
e8499344-3fa4-40d7-a06b-4e7c9384e2da,ORDER_PLACED,2026-08-26T19:53:47+05:30,ORD-2026-600040,CUST-10071,PLACED,APP,Delhi NCR,Prime,PRD-1001,Cotton Crew Neck T-Shirt,Apparel,SKU-1001-BLK-M,2,899.0,0,1798,0.0,1798,NET_BANKING,Standard,"05, Raj Chowk, Delhi NCR - 110001",WH-MUM-02,118,crm-service
a15a9709-daf1-4ae6-be48-1e05d087df16,ORDER_PLACED,2026-08-26T19:53:47+05:30,ORD-2026-600041,CUST-10195,PLACED,APP,Chennai,Repeat,PRD-3001,Stainless Steel Bottle 1L,Home,SKU-3001-SLV-1L,1,649.0,0,649,49.0,698,CREDIT_CARD,Standard,"82/62, Luthra Street, Chennai - 600001",WH-MUM-02,199,crm-service
da14f91d-2df7-4eac-aba6-9c2885bf3f74,ORDER_PLACED,2026-08-26T19:53:47+05:30,ORD-2026-600042,CUST-10033,PLACED,ONLINE,Kolkata,Prime,PRD-3001,Stainless Steel Bottle 1L,Home,SKU-3001-SLV-1L,1,649.0,0,649,49.0,698,UPI,Express,"46/56, Datta Road, Kolkata - 700001",WH-DEL-01,198,crm-service
5ea7abfe-56be-44c1-97a4-896ea31696f8,ORDER_PLACED,2026-08-26T19:53:47+05:30,ORD-2026-600043,CUST-10186,PLACED,ONLINE,Ahmedabad,New,PRD-4002,Roasted Almonds 500g,Grocery,SKU-4002-STD-500,3,799.0,479.4,2397,0.0,1917.6,COD,Standard,"84/54, Brar Marg, Ahmedabad - 380001",WH-DEL-01,132,crm-service
7040500f-2acb-48d0-abd8-ece08f0aab59,ORDER_PLACED,2026-08-26T19:53:47+05:30,ORD-2026-600044,CUST-10125,PLACED,ONLINE,Bengaluru,Repeat,PRD-4001,Organic Green Tea 250g,Grocery,SKU-4001-STD-250,3,499.0,0,1497,0.0,1497,UPI,Standard,"H.No. 15, Chawla Ganj, Bengaluru - 560001",WH-MUM-02,175,crm-service
1b1fa331-4f37-4af5-8337-4a027a631973,ORDER_PLACED,2026-08-26T19:53:47+05:30,ORD-2026-600045,CUST-10166,PLACED,APP,Bengaluru,Repeat,PRD-5002,Adjustable Dumbbell 10kg,Sports,SKU-5002-BLK-10,2,2999.0,1199.6,5998,0.0,4798.4,CREDIT_CARD,Standard,"33/91, Sekhon Circle, Bengaluru - 560001",WH-MUM-02,19,crm-service
a2719c84-fcf1-4a07-ac10-360ebacffbf0,ORDER_PLACED,2026-08-26T19:53:47+05:30,ORD-2026-600046,CUST-10080,PLACED,ONLINE,Pune,Prime,PRD-2003,Smart Fitness Band,Electronics,SKU-2003-BLK-STD,1,2499.0,124.95,2499,0.0,2374.05,DEBIT_CARD,Same-Day,"21/456, Iyer Street, Pune - 411001",WH-HYD-04,29,crm-service
337ed859-2c1d-45b1-a838-d144e8f56e74,ORDER_PLACED,2026-08-26T19:53:48+05:30,ORD-2026-600047,CUST-10089,PLACED,APP,Delhi NCR,New,PRD-5001,Yoga Mat 6mm,Sports,SKU-5001-PUR-6MM,1,1199.0,0,1199,0.0,1199,DEBIT_CARD,Standard,"50/24, Date Nagar, Delhi NCR - 110001",WH-HYD-04,51,crm-service
6c3a21b9-ccc0-46e1-9193-39dbaceb50eb,ORDER_PLACED,2026-08-26T19:53:48+05:30,ORD-2026-600048,CUST-10164,PLACED,ONLINE,Jaipur,New,PRD-3001,Stainless Steel Bottle 1L,Home,SKU-3001-SLV-1L,1,649.0,129.8,649,49.0,568.2,WALLET,Standard,"H.No. 53, Dani Nagar, Jaipur - 302001",WH-MUM-02,197,crm-service
3f682381-5686-4def-8232-b68f2d191820,ORDER_PLACED,2026-08-26T19:53:48+05:30,ORD-2026-600049,CUST-10069,PLACED,APP,Delhi NCR,New,PRD-1004,Leather Formal Belt,Accessories,SKU-1004-BRN-FS,2,749.0,0,1498,0.0,1498,DEBIT_CARD,Standard,"82/14, Oak Marg, Delhi NCR - 110001",WH-BLR-03,148,crm-service
84cbf3da-86c7-4c0f-9268-b432f29e308f,ORDER_PLACED,2026-08-26T19:53:48+05:30,ORD-2026-600050,CUST-10056,PLACED,APP,Chennai,New,PRD-2003,Smart Fitness Band,Electronics,SKU-2003-BLK-STD,4,2499.0,0,9996,0.0,9996,UPI,Standard,"27/109, Singh Road, Chennai - 600001",WH-MUM-02,28,crm-service
1a9a1fa1-fbf1-4fe6-ac2b-4805ae1b033a,ORDER_PLACED,2026-08-26T19:53:48+05:30,ORD-2026-600051,CUST-10111,PLACED,APP,Bengaluru,Prime,PRD-5001,Yoga Mat 6mm,Sports,SKU-5001-PUR-6MM,1,1199.0,119.9,1199,0.0,1079.1,COD,Standard,"H.No. 377, Virk Circle, Bengaluru - 560001",WH-DEL-01,50,crm-service
ba5ee4ea-62ea-440f-9179-dcce7ecb264e,ORDER_PLACED,2026-08-26T19:53:48+05:30,ORD-2026-600052,CUST-10043,PLACED,APP,Chennai,Corporate,PRD-1002,Slim Fit Denim Jeans,Apparel,SKU-1002-BLU-32,1,1999.0,0,1999,0.0,1999,COD,Standard,"980, Bala Marg, Chennai - 600001",WH-BLR-03,73,crm-service
c9beeeae-a18f-4ec8-88f5-df84f0cdf61b,ORDER_PLACED,2026-08-26T19:53:48+05:30,ORD-2026-600053,CUST-10118,PLACED,APP,Chennai,New,PRD-4002,Roasted Almonds 500g,Grocery,SKU-4002-STD-500,1,799.0,119.85,799,49.0,728.15,NET_BANKING,Express,"24/07, Chauhan Path, Chennai - 600001",WH-BLR-03,129,crm-service
e237dc7c-5327-4288-9c3e-53347574fc7b,ORDER_PLACED,2026-08-26T19:53:48+05:30,ORD-2026-600054,CUST-10113,PLACED,ONLINE,Chennai,New,PRD-3003,Ceramic Coffee Mug Set,Home,SKU-3003-WHT-SET,1,899.0,44.95,899,49.0,903.05,COD,Standard,"H.No. 62, Chad, Chennai - 600001",WH-DEL-01,107,crm-service
5d8d3283-be59-42a1-a931-1fe9ed5e8e09,ORDER_PLACED,2026-08-26T19:53:48+05:30,ORD-2026-600055,CUST-10082,PLACED,MARKETPLACE,Ahmedabad,New,PRD-3002,Cotton Bedsheet Set,Home,SKU-3002-GRN-DBL,1,1499.0,0,1499,0.0,1499,UPI,Standard,"04, Dasgupta Circle, Ahmedabad - 380001",WH-BLR-03,70,crm-service
71d593d3-f00c-40c0-b5b3-8c25110a71ce,ORDER_PLACED,2026-08-26T19:53:48+05:30,ORD-2026-600056,CUST-10181,PLACED,APP,Bengaluru,Repeat,PRD-2004,Bluetooth Speaker,Electronics,SKU-2004-BLU-STD,4,1899.0,1139.4,7596,0.0,6456.6,COD,Standard,"32/04, Sahni Circle, Bengaluru - 560001",WH-BLR-03,21,crm-service
9cb87ce7-9ed2-4815-8511-1f0cfb2c27a9,ORDER_PLACED,2026-08-26T19:53:48+05:30,ORD-2026-600057,CUST-10085,PLACED,ONLINE,Jaipur,New,PRD-1002,Slim Fit Denim Jeans,Apparel,SKU-1002-BLU-32,1,1999.0,0,1999,0.0,1999,DEBIT_CARD,Standard,"92, Chaudhary Marg, Jaipur - 302001",WH-HYD-04,72,crm-service
e85a6792-19c3-4407-93a3-b5a025e2b6d1,ORDER_PLACED,2026-08-26T19:53:48+05:30,ORD-2026-600058,CUST-10164,PLACED,APP,Jaipur,New,PRD-4002,Roasted Almonds 500g,Grocery,SKU-4002-STD-500,1,799.0,0,799,49.0,848,WALLET,Express,"H.No. 53, Dani Nagar, Jaipur - 302001",WH-DEL-01,128,crm-service
8c4b3a56-3328-458e-97aa-567006b05bf4,ORDER_PLACED,2026-08-26T19:53:48+05:30,ORD-2026-600059,CUST-10113,PLACED,ONLINE,Chennai,New,PRD-3002,Cotton Bedsheet Set,Home,SKU-3002-GRN-DBL,1,1499.0,299.8,1499,0.0,1199.2,NET_BANKING,Standard,"H.No. 62, Chad, Chennai - 600001",WH-MUM-02,69,crm-service
55bcffa9-0653-4ad1-8ca9-e2d18d21a252,ORDER_PLACED,2026-08-26T19:53:48+05:30,ORD-2026-600060,CUST-10094,PLACED,APP,Delhi NCR,Repeat,PRD-3003,Ceramic Coffee Mug Set,Home,SKU-3003-WHT-SET,3,899.0,269.7,2697,0.0,2427.3,NET_BANKING,Express,"H.No. 45, Som Street, Delhi NCR - 110001",WH-HYD-04,106,crm-service
c42d15dd-ed72-4e8d-9742-e46d02a08498,ORDER_PLACED,2026-08-26T19:53:48+05:30,ORD-2026-600061,CUST-10006,PLACED,APP,Jaipur,New,PRD-2003,Smart Fitness Band,Electronics,SKU-2003-BLK-STD,1,2499.0,374.85,2499,0.0,2124.15,DEBIT_CARD,Standard,"953, Randhawa Chowk, Jaipur - 302001",WH-DEL-01,24,crm-service
0fca4c7b-034f-482a-a0f6-5853125d400d,ORDER_PLACED,2026-08-26T19:53:48+05:30,ORD-2026-600062,CUST-10166,PLACED,APP,Bengaluru,Repeat,PRD-2002,65W Fast Charger,Electronics,SKU-2002-BLK-STD,2,1299.0,0,2598,0.0,2598,UPI,Standard,"33/91, Sekhon Circle, Bengaluru - 560001",WH-HYD-04,85,crm-service
2fca50f6-343f-4888-82ce-33c5f7b0a1c0,ORDER_PLACED,2026-08-26T19:53:49+05:30,ORD-2026-600063,CUST-10147,PLACED,ONLINE,Mumbai,Corporate,PRD-1004,Leather Formal Belt,Accessories,SKU-1004-BRN-FS,2,749.0,74.9,1498,0.0,1423.1,NET_BANKING,Standard,"41/68, Mammen Chowk, Mumbai - 400001",WH-BLR-03,146,crm-service
ab717846-4d17-49a1-bd62-4cb1c330b2fd,ORDER_PLACED,2026-08-26T19:53:49+05:30,ORD-2026-600064,CUST-10092,PLACED,APP,Jaipur,Repeat,PRD-1002,Slim Fit Denim Jeans,Apparel,SKU-1002-BLU-32,3,1999.0,899.55,5997,0.0,5097.45,COD,Express,"H.No. 99, Nair Circle, Jaipur - 302001",WH-DEL-01,71,crm-service
4b40b00f-67a8-444d-9b2b-e6a34c69cb99,ORDER_PLACED,2026-08-26T19:53:49+05:30,ORD-2026-600065,CUST-10175,PLACED,ONLINE,Hyderabad,Repeat,PRD-2004,Bluetooth Speaker,Electronics,SKU-2004-BLU-STD,4,1899.0,759.6,7596,0.0,6836.4,WALLET,Standard,"70/56, Nagar Circle, Hyderabad - 500001",WH-MUM-02,17,crm-service
66995b0a-994d-474c-95e2-e571dcc225cd,ORDER_PLACED,2026-08-26T19:53:49+05:30,ORD-2026-600066,CUST-10011,PLACED,MARKETPLACE,Hyderabad,Corporate,PRD-4002,Roasted Almonds 500g,Grocery,SKU-4002-STD-500,1,799.0,0,799,49.0,848,DEBIT_CARD,Same-Day,"911, Biswas Chowk, Hyderabad - 500001",WH-HYD-04,127,crm-service
1d851779-0d52-45b0-8261-b37a9dda480f,ORDER_PLACED,2026-08-26T19:53:49+05:30,ORD-2026-600067,CUST-10082,PLACED,ONLINE,Ahmedabad,New,PRD-1002,Slim Fit Denim Jeans,Apparel,SKU-1002-BLU-32,1,1999.0,399.8,1999,0.0,1599.2,DEBIT_CARD,Standard,"04, Dasgupta Circle, Ahmedabad - 380001",WH-HYD-04,68,crm-service
67237374-d944-41b1-9614-70a779fcafc8,ORDER_PLACED,2026-08-26T19:53:49+05:30,ORD-2026-600068,CUST-10090,PLACED,ONLINE,Kolkata,New,PRD-3002,Cotton Bedsheet Set,Home,SKU-3002-GRN-DBL,4,1499.0,299.8,5996,0.0,5696.2,WALLET,Same-Day,"H.No. 89, Seth Zila, Kolkata - 700001",WH-DEL-01,68,crm-service
40138dd5-4554-4f86-8101-92a987750a69,ORDER_PLACED,2026-08-26T19:53:49+05:30,ORD-2026-600069,CUST-10094,PLACED,APP,Delhi NCR,Repeat,PRD-2002,65W Fast Charger,Electronics,SKU-2002-BLK-STD,1,1299.0,0,1299,0.0,1299,COD,Standard,"H.No. 45, Som Street, Delhi NCR - 110001",WH-BLR-03,83,crm-service
43418799-c885-4ec0-9fa6-984053bf5b48,ORDER_PLACED,2026-08-26T19:53:49+05:30,ORD-2026-600070,CUST-10188,PLACED,APP,Pune,Corporate,PRD-1003,Running Shoes,Footwear,SKU-1003-GRY-9,1,2799.0,279.9,2799,0.0,2519.1,COD,Standard,"18/03, Soman Ganj, Pune - 411001",WH-BLR-03,56,crm-service
830ec404-65b4-4f20-a5dd-e500e98c4781,ORDER_PLACED,2026-08-26T19:53:49+05:30,ORD-2026-600071,CUST-10179,PLACED,APP,Lucknow,New,PRD-3003,Ceramic Coffee Mug Set,Home,SKU-3003-WHT-SET,1,899.0,44.95,899,49.0,903.05,COD,Standard,"73/936, Nagy Ganj, Lucknow - 226001",WH-MUM-02,103,crm-service
aacfef74-bda8-4f00-9462-3bbde4bc17a9,ORDER_PLACED,2026-08-26T19:53:49+05:30,ORD-2026-600072,CUST-10146,PLACED,ONLINE,Hyderabad,Repeat,PRD-2002,65W Fast Charger,Electronics,SKU-2002-BLK-STD,1,1299.0,194.85,1299,0.0,1104.15,CREDIT_CARD,Standard,"H.No. 162, Pau Road, Hyderabad - 500001",WH-DEL-01,82,crm-service
b2a79a6c-162f-46f6-a44c-52625c8dc23d,ORDER_PLACED,2026-08-26T19:53:49+05:30,ORD-2026-600073,CUST-10088,PLACED,ONLINE,Ahmedabad,New,PRD-3001,Stainless Steel Bottle 1L,Home,SKU-3001-SLV-1L,3,649.0,0,1947,0.0,1947,DEBIT_CARD,Standard,"904, De Street, Ahmedabad - 380001",WH-BLR-03,196,crm-service
5bcfc082-af0f-4072-a2ef-380dc6c0050b,ORDER_PLACED,2026-08-26T19:53:49+05:30,ORD-2026-600074,CUST-10043,PLACED,APP,Chennai,Corporate,PRD-3002,Cotton Bedsheet Set,Home,SKU-3002-GRN-DBL,3,1499.0,0,4497,0.0,4497,CREDIT_CARD,Express,"980, Bala Marg, Chennai - 600001",WH-BLR-03,64,crm-service
1a2e91c6-2098-4a0a-b0dc-db0be4536358,ORDER_PLACED,2026-08-26T19:53:49+05:30,ORD-2026-600075,CUST-10018,PLACED,ONLINE,Lucknow,New,PRD-4001,Organic Green Tea 250g,Grocery,SKU-4001-STD-250,1,499.0,49.9,499,49.0,498.1,NET_BANKING,Standard,"602, Agate Marg, Lucknow - 226001",WH-MUM-02,172,crm-service
0d792b31-65d6-4fdf-a13d-18074292def4,ORDER_PLACED,2026-08-26T19:53:49+05:30,ORD-2026-600076,CUST-10088,PLACED,ONLINE,Ahmedabad,New,PRD-2003,Smart Fitness Band,Electronics,SKU-2003-BLK-STD,1,2499.0,124.95,2499,0.0,2374.05,COD,Standard,"904, De Street, Ahmedabad - 380001",WH-BLR-03,23,crm-service
baa17020-89c2-4260-9462-5c8dc65bfdad,ORDER_PLACED,2026-08-26T19:53:49+05:30,ORD-2026-600077,CUST-10127,PLACED,ONLINE,Kolkata,Repeat,PRD-1001,Cotton Crew Neck T-Shirt,Apparel,SKU-1001-BLK-M,1,899.0,89.9,899,49.0,858.1,COD,Standard,"87, Bansal Road, Kolkata - 700001",WH-MUM-02,116,crm-service
963979e5-0264-4648-a582-01f470e043ca,ORDER_PLACED,2026-08-26T19:53:49+05:30,ORD-2026-600078,CUST-10167,PLACED,ONLINE,Kolkata,Repeat,PRD-3003,Ceramic Coffee Mug Set,Home,SKU-3003-WHT-SET,1,899.0,134.85,899,49.0,813.15,UPI,Express,"H.No. 87, Jha Zila, Kolkata - 700001",WH-HYD-04,102,crm-service
e75d3eeb-3d56-4320-8b5d-8ea0a7b20646,ORDER_PLACED,2026-08-26T19:53:49+05:30,ORD-2026-600079,CUST-10010,PLACED,ONLINE,Kolkata,New,PRD-1001,Cotton Crew Neck T-Shirt,Apparel,SKU-1001-BLK-M,1,899.0,179.8,899,49.0,768.2,DEBIT_CARD,Express,"528, Acharya Circle, Kolkata - 700001",WH-HYD-04,115,crm-service
cf1763e6-0d11-473b-a55c-ccffdd3272ee,ORDER_PLACED,2026-08-26T19:53:49+05:30,ORD-2026-600080,CUST-10081,PLACED,APP,Hyderabad,New,PRD-1003,Running Shoes,Footwear,SKU-1003-GRY-9,1,2799.0,419.85,2799,0.0,2379.15,WALLET,Express,"45, Sidhu Zila, Hyderabad - 500001",WH-BLR-03,56,crm-service
c8246ce4-be6d-4c50-9f56-8407a7d266ed,ORDER_PLACED,2026-08-26T19:53:50+05:30,ORD-2026-600081,CUST-10058,PLACED,ONLINE,Ahmedabad,Prime,PRD-4001,Organic Green Tea 250g,Grocery,SKU-4001-STD-250,1,499.0,49.9,499,49.0,498.1,CREDIT_CARD,Standard,"99/38, Seshadri Marg, Ahmedabad - 380001",WH-HYD-04,171,crm-service
86275a40-51a7-4539-a49f-e551b3a83784,ORDER_PLACED,2026-08-26T19:53:50+05:30,ORD-2026-600082,CUST-10028,PLACED,APP,Jaipur,New,PRD-1004,Leather Formal Belt,Accessories,SKU-1004-BRN-FS,1,749.0,37.45,749,49.0,760.55,NET_BANKING,Standard,"602, Sabharwal Path, Jaipur - 302001",WH-MUM-02,144,crm-service
3fdb47a3-59c3-442b-9d32-7a947ba0c39e,ORDER_PLACED,2026-08-26T19:53:50+05:30,ORD-2026-600083,CUST-10156,PLACED,MARKETPLACE,Hyderabad,New,PRD-2004,Bluetooth Speaker,Electronics,SKU-2004-BLU-STD,1,1899.0,0,1899,0.0,1899,DEBIT_CARD,Standard,"404, Pal Zila, Hyderabad - 500001",WH-MUM-02,13,crm-service
a24f111d-8eb6-4340-a4fc-4e4c5f47a241,ORDER_PLACED,2026-08-26T19:53:50+05:30,ORD-2026-600084,CUST-10176,PLACED,ONLINE,Hyderabad,New,PRD-4001,Organic Green Tea 250g,Grocery,SKU-4001-STD-250,1,499.0,49.9,499,49.0,498.1,DEBIT_CARD,Standard,"33, Dhawan Road, Hyderabad - 500001",WH-BLR-03,170,crm-service
b152c19d-75ba-44b4-bb16-c799d356396f,ORDER_PLACED,2026-08-26T19:53:50+05:30,ORD-2026-600085,CUST-10027,PLACED,APP,Ahmedabad,Repeat,PRD-3002,Cotton Bedsheet Set,Home,SKU-3002-GRN-DBL,2,1499.0,0,2998,0.0,2998,CREDIT_CARD,Standard,"H.No. 05, Krish Ganj, Ahmedabad - 380001",WH-MUM-02,61,crm-service
66427e06-75f1-4649-8120-12f414764a8a,ORDER_PLACED,2026-08-26T19:53:50+05:30,ORD-2026-600086,CUST-10025,PLACED,APP,Mumbai,Repeat,PRD-3003,Ceramic Coffee Mug Set,Home,SKU-3003-WHT-SET,2,899.0,0,1798,0.0,1798,COD,Same-Day,"H.No. 01, Malhotra Marg, Mumbai - 400001",WH-MUM-02,101,crm-service
d539517d-fef1-4863-ba2d-95ed4d73988f,ORDER_PLACED,2026-08-26T19:53:50+05:30,ORD-2026-600087,CUST-10126,PLACED,MARKETPLACE,Bengaluru,Repeat,PRD-1003,Running Shoes,Footwear,SKU-1003-GRY-9,3,2799.0,419.85,8397,0.0,7977.15,UPI,Standard,"72/217, Memon Nagar, Bengaluru - 560001",WH-DEL-01,55,crm-service
6f0277c8-a891-4c39-a3a6-705cba938382,ORDER_PLACED,2026-08-26T19:53:50+05:30,ORD-2026-600088,CUST-10134,PLACED,APP,Hyderabad,Repeat,PRD-2004,Bluetooth Speaker,Electronics,SKU-2004-BLU-STD,3,1899.0,0,5697,0.0,5697,COD,Standard,"H.No. 217, Saxena Street, Hyderabad - 500001",WH-MUM-02,12,crm-service
41f9dc74-f9c0-48a9-bf9b-0970a495c4be,ORDER_PLACED,2026-08-26T19:53:50+05:30,ORD-2026-600089,CUST-10066,PLACED,ONLINE,Ahmedabad,New,PRD-2003,Smart Fitness Band,Electronics,SKU-2003-BLK-STD,1,2499.0,124.95,2499,0.0,2374.05,DEBIT_CARD,Standard,"859, Sathe Chowk, Ahmedabad - 380001",WH-DEL-01,22,crm-service
853f9c38-1ee2-4e5b-b578-a1de9496237a,ORDER_PLACED,2026-08-26T19:53:50+05:30,ORD-2026-600090,CUST-10119,PLACED,APP,Jaipur,New,PRD-2001,Wireless Earbuds,Electronics,SKU-2001-WHT-STD,1,3499.0,699.8,3499,0.0,2799.2,COD,Express,"613, Palla Chowk, Jaipur - 302001",WH-BLR-03,36,crm-service
f8974d38-400d-4595-a35b-836a52d21cd3,ORDER_PLACED,2026-08-26T19:53:50+05:30,ORD-2026-600091,CUST-10038,PLACED,APP,Bengaluru,Repeat,PRD-1003,Running Shoes,Footwear,SKU-1003-GRY-9,1,2799.0,419.85,2799,0.0,2379.15,NET_BANKING,Standard,"95/79, Sandhu Circle, Bengaluru - 560001",WH-MUM-02,52,crm-service
3bf1c57f-a3ef-44bf-a3cd-a2de95f1febd,ORDER_PLACED,2026-08-26T19:53:50+05:30,ORD-2026-600092,CUST-10014,PLACED,APP,Chennai,Prime,PRD-2004,Bluetooth Speaker,Electronics,SKU-2004-BLU-STD,1,1899.0,189.9,1899,0.0,1709.1,NET_BANKING,Standard,"H.No. 518, Mallick Ganj, Chennai - 600001",WH-HYD-04,9,crm-service
01e3d827-10a3-401f-b115-4e22c946e31d,ORDER_PLACED,2026-08-26T19:53:50+05:30,ORD-2026-600093,CUST-10095,PLACED,APP,Delhi NCR,Repeat,PRD-5002,Adjustable Dumbbell 10kg,Sports,SKU-5002-BLK-10,1,2999.0,299.9,2999,0.0,2699.1,NET_BANKING,Standard,"809, Narayan Circle, Delhi NCR - 110001",WH-MUM-02,17,crm-service
39a30ae3-6b79-42f4-8a5a-7b75547591ce,ORDER_PLACED,2026-08-26T19:53:50+05:30,ORD-2026-600094,CUST-10135,PLACED,APP,Jaipur,Prime,PRD-1003,Running Shoes,Footwear,SKU-1003-GRY-9,2,2799.0,0,5598,0.0,5598,UPI,Express,"258, Dara Ganj, Jaipur - 302001",WH-BLR-03,51,crm-service
b93e4454-c1d2-4fc4-b6d8-6eef8d56ad8c,ORDER_PLACED,2026-08-26T19:53:50+05:30,ORD-2026-600095,CUST-10035,PLACED,ONLINE,Hyderabad,Repeat,PRD-3001,Stainless Steel Bottle 1L,Home,SKU-3001-SLV-1L,4,649.0,0,2596,0.0,2596,WALLET,Standard,"21/489, Chander Path, Hyderabad - 500001",WH-BLR-03,193,crm-service
59ba178d-c37b-4406-80c6-3280120d0d23,ORDER_PLACED,2026-08-26T19:53:50+05:30,ORD-2026-600096,CUST-10105,PLACED,APP,Pune,New,PRD-2001,Wireless Earbuds,Electronics,SKU-2001-WHT-STD,1,3499.0,524.85,3499,0.0,2974.15,COD,Express,"75/16, Kohli Zila, Pune - 411001",WH-MUM-02,35,crm-service
e9378a14-e1f0-474a-941b-b7fb2ccaf93c,ORDER_PLACED,2026-08-26T19:53:51+05:30,ORD-2026-600097,CUST-10014,PLACED,ONLINE,Chennai,Prime,PRD-3001,Stainless Steel Bottle 1L,Home,SKU-3001-SLV-1L,1,649.0,64.9,649,49.0,633.1,COD,Standard,"H.No. 518, Mallick Ganj, Chennai - 600001",WH-HYD-04,189,crm-service
8d29a782-5ffb-4ef4-b63c-ed60a15e03ff,ORDER_PLACED,2026-08-26T19:53:51+05:30,ORD-2026-600098,CUST-10094,PLACED,APP,Delhi NCR,Repeat,PRD-1002,Slim Fit Denim Jeans,Apparel,SKU-1002-BLU-32,1,1999.0,0,1999,0.0,1999,UPI,Standard,"H.No. 45, Som Street, Delhi NCR - 110001",WH-DEL-01,67,crm-service
265a9583-0ddc-4bcd-9da6-ae507d544dc0,ORDER_PLACED,2026-08-26T19:53:51+05:30,ORD-2026-600099,CUST-10062,PLACED,APP,Kolkata,Corporate,PRD-4001,Organic Green Tea 250g,Grocery,SKU-4001-STD-250,1,499.0,0,499,49.0,548,NET_BANKING,Express,"46, Tella Road, Kolkata - 700001",WH-BLR-03,169,crm-service
44f1a091-252e-43c1-a49d-c83a1bc6c026,ORDER_PLACED,2026-08-26T19:53:51+05:30,ORD-2026-600100,CUST-10066,PLACED,APP,Ahmedabad,New,PRD-2002,65W Fast Charger,Electronics,SKU-2002-BLK-STD,1,1299.0,129.9,1299,0.0,1169.1,NET_BANKING,Standard,"859, Sathe Chowk, Ahmedabad - 380001",WH-HYD-04,82,crm-service
a2b28b4e-e342-4a75-91a2-11b1f842420c,ORDER_PLACED,2026-08-26T19:53:51+05:30,ORD-2026-600101,CUST-10015,PLACED,APP,Ahmedabad,Repeat,PRD-3001,Stainless Steel Bottle 1L,Home,SKU-3001-SLV-1L,1,649.0,0,649,49.0,698,WALLET,Standard,"31, Sankar Zila, Ahmedabad - 380001",WH-DEL-01,188,crm-service
292a0f19-da51-43ee-9375-d32ddc419140,ORDER_PLACED,2026-08-26T19:53:51+05:30,ORD-2026-600102,CUST-10002,PLACED,APP,Mumbai,Repeat,PRD-1004,Leather Formal Belt,Accessories,SKU-1004-BRN-FS,1,749.0,37.45,749,49.0,760.55,UPI,Standard,"H.No. 23, Chaudry Path, Mumbai - 400001",WH-HYD-04,143,crm-service
80c4ecda-b270-4ed0-bc08-deeb9eb6f6ff,ORDER_PLACED,2026-08-26T19:53:51+05:30,ORD-2026-600103,CUST-10178,PLACED,ONLINE,Mumbai,Repeat,PRD-1004,Leather Formal Belt,Accessories,SKU-1004-BRN-FS,1,749.0,0,749,49.0,798,WALLET,Same-Day,"H.No. 398, Srinivas Ganj, Mumbai - 400001",WH-DEL-01,142,crm-service
adda9326-d982-4e5d-9fc8-05ca7bc09615,ORDER_PLACED,2026-08-26T19:53:51+05:30,ORD-2026-600104,CUST-10002,PLACED,APP,Mumbai,Repeat,PRD-4001,Organic Green Tea 250g,Grocery,SKU-4001-STD-250,1,499.0,49.9,499,49.0,498.1,NET_BANKING,Standard,"H.No. 23, Chaudry Path, Mumbai - 400001",WH-BLR-03,168,crm-service
c059fbdc-791a-46a4-9aed-4f1f3f506dbd,ORDER_PLACED,2026-08-26T19:53:51+05:30,ORD-2026-600105,CUST-10173,PLACED,APP,Jaipur,Repeat,PRD-5002,Adjustable Dumbbell 10kg,Sports,SKU-5002-BLK-10,1,2999.0,299.9,2999,0.0,2699.1,WALLET,Standard,"067, Zacharia Ganj, Jaipur - 302001",WH-DEL-01,16,crm-service
5dfc8174-08b3-403b-88c1-26283a9ff83a,ORDER_PLACED,2026-08-26T19:53:51+05:30,ORD-2026-600106,CUST-10019,PLACED,ONLINE,Delhi NCR,Repeat,PRD-2002,65W Fast Charger,Electronics,SKU-2002-BLK-STD,1,1299.0,194.85,1299,0.0,1104.15,COD,Standard,"343, Bhat Nagar, Delhi NCR - 110001",WH-BLR-03,81,crm-service
f3f1303b-eaa6-461b-8ec6-729fb94004df,ORDER_PLACED,2026-08-26T19:53:51+05:30,ORD-2026-600107,CUST-10039,PLACED,APP,Delhi NCR,Prime,PRD-4001,Organic Green Tea 250g,Grocery,SKU-4001-STD-250,1,499.0,24.95,499,49.0,523.05,UPI,Standard,"48/734, Brahmbhatt Chowk, Delhi NCR - 110001",WH-BLR-03,167,crm-service
c7402847-dd4f-475d-8624-4d12d8b6251e,ORDER_PLACED,2026-08-26T19:53:51+05:30,ORD-2026-600108,CUST-10110,PLACED,APP,Jaipur,New,PRD-2004,Bluetooth Speaker,Electronics,SKU-2004-BLU-STD,1,1899.0,284.85,1899,0.0,1614.15,NET_BANKING,Standard,"H.No. 97, Dora Circle, Jaipur - 302001",WH-DEL-01,12,crm-service
5e6833c1-7c1f-4f3e-a50f-e72849c609c1,ORDER_PLACED,2026-08-26T19:53:51+05:30,ORD-2026-600109,CUST-10184,PLACED,ONLINE,Jaipur,Repeat,PRD-3003,Ceramic Coffee Mug Set,Home,SKU-3003-WHT-SET,1,899.0,134.85,899,49.0,813.15,CREDIT_CARD,Standard,"H.No. 09, Subramanian, Jaipur - 302001",WH-MUM-02,99,crm-service
3366ad39-837c-4d2e-9608-836c107cf771,ORDER_PLACED,2026-08-26T19:53:51+05:30,ORD-2026-600110,CUST-10084,PLACED,APP,Mumbai,Repeat,PRD-2004,Bluetooth Speaker,Electronics,SKU-2004-BLU-STD,1,1899.0,379.8,1899,0.0,1519.2,COD,Standard,"004, D’Alia Chowk, Mumbai - 400001",WH-BLR-03,11,crm-service
7769071f-c856-494b-8bd6-9e0f03063b78,ORDER_PLACED,2026-08-26T19:53:51+05:30,ORD-2026-600111,CUST-10029,PLACED,MARKETPLACE,Delhi NCR,New,PRD-5002,Adjustable Dumbbell 10kg,Sports,SKU-5002-BLK-10,1,2999.0,449.85,2999,0.0,2549.15,COD,Standard,"33, Palla Chowk, Delhi NCR - 110001",WH-DEL-01,15,crm-service
1fb1c460-9857-47ea-9b26-dc4d2711b557,ORDER_PLACED,2026-08-26T19:53:51+05:30,ORD-2026-600112,CUST-10074,PLACED,ONLINE,Lucknow,Repeat,PRD-5001,Yoga Mat 6mm,Sports,SKU-5001-PUR-6MM,2,1199.0,239.8,2398,0.0,2158.2,WALLET,Standard,"16/117, Mistry Street, Lucknow - 226001",WH-BLR-03,52,crm-service
5dae096e-8d93-4628-bcac-505858c1a36c,ORDER_PLACED,2026-08-26T19:53:52+05:30,ORD-2026-600113,CUST-10192,PLACED,ONLINE,Ahmedabad,Repeat,PRD-2002,65W Fast Charger,Electronics,SKU-2002-BLK-STD,4,1299.0,519.6,5196,0.0,4676.4,UPI,Standard,"114, Rai Street, Ahmedabad - 380001",WH-BLR-03,80,crm-service
2c57de46-b385-48ab-8166-111869a3bb06,ORDER_PLACED,2026-08-26T19:53:52+05:30,ORD-2026-600114,CUST-10056,PLACED,ONLINE,Chennai,New,PRD-2004,Bluetooth Speaker,Electronics,SKU-2004-BLU-STD,1,1899.0,189.9,1899,0.0,1709.1,WALLET,Standard,"27/109, Singh Road, Chennai - 600001",WH-MUM-02,10,crm-service
9ae53c5f-cdd7-4c1e-8d48-83f14ee9b0b6,ORDER_PLACED,2026-08-26T19:53:52+05:30,ORD-2026-600115,CUST-10047,PLACED,APP,Bengaluru,Repeat,PRD-1003,Running Shoes,Footwear,SKU-1003-GRY-9,1,2799.0,279.9,2799,0.0,2519.1,NET_BANKING,Standard,"H.No. 904, Prashad, Bengaluru - 560001",WH-MUM-02,49,crm-service
4fe096fa-35fd-4f2d-929f-1dd62a5e806d,ORDER_PLACED,2026-08-26T19:53:52+05:30,ORD-2026-600116,CUST-10071,PLACED,APP,Delhi NCR,Prime,PRD-4002,Roasted Almonds 500g,Grocery,SKU-4002-STD-500,2,799.0,0,1598,0.0,1598,COD,Standard,"05, Raj Chowk, Delhi NCR - 110001",WH-MUM-02,126,crm-service
c6ddd895-430a-41e7-82a4-3f483ceef17e,ORDER_PLACED,2026-08-26T19:53:52+05:30,ORD-2026-600117,CUST-10047,PLACED,APP,Bengaluru,Repeat,PRD-2004,Bluetooth Speaker,Electronics,SKU-2004-BLU-STD,1,1899.0,379.8,1899,0.0,1519.2,WALLET,Same-Day,"H.No. 904, Prashad, Bengaluru - 560001",WH-MUM-02,13,crm-service
0584d765-c584-407e-8e67-76d0941429f6,ORDER_PLACED,2026-08-26T19:53:52+05:30,ORD-2026-600118,CUST-10115,PLACED,APP,Jaipur,New,PRD-3002,Cotton Bedsheet Set,Home,SKU-3002-GRN-DBL,1,1499.0,74.95,1499,0.0,1424.05,UPI,Standard,"H.No. 418, Vyas Circle, Jaipur - 302001",WH-MUM-02,59,crm-service
f1f9efe7-c35f-4ae7-8e41-fba5ed886925,ORDER_PLACED,2026-08-26T19:53:52+05:30,ORD-2026-600119,CUST-10137,PLACED,APP,Hyderabad,Prime,PRD-2001,Wireless Earbuds,Electronics,SKU-2001-WHT-STD,1,3499.0,349.9,3499,0.0,3149.1,COD,Express,"12/51, Shukla Chowk, Hyderabad - 500001",WH-HYD-04,35,crm-service
5f9d16b8-a244-4d34-b345-5b23ade70beb,ORDER_PLACED,2026-08-26T19:53:52+05:30,ORD-2026-600120,CUST-10093,PLACED,MARKETPLACE,Bengaluru,Repeat,PRD-3001,Stainless Steel Bottle 1L,Home,SKU-3001-SLV-1L,2,649.0,0,1298,0.0,1298,WALLET,Standard,"83/673, Nori Marg, Bengaluru - 560001",WH-MUM-02,188,crm-service
91f1ca7b-a003-4c24-b45c-e8eee14a367e,ORDER_PLACED,2026-08-26T19:53:52+05:30,ORD-2026-600121,CUST-10145,PLACED,ONLINE,Hyderabad,New,PRD-2002,65W Fast Charger,Electronics,SKU-2002-BLK-STD,1,1299.0,194.85,1299,0.0,1104.15,COD,Standard,"H.No. 687, Kale Ganj, Hyderabad - 500001",WH-BLR-03,76,crm-service
cdd0c45a-71e7-45af-9b58-d2498e43263a,ORDER_PLACED,2026-08-26T19:53:52+05:30,ORD-2026-600122,CUST-10173,PLACED,APP,Jaipur,Repeat,PRD-5001,Yoga Mat 6mm,Sports,SKU-5001-PUR-6MM,1,1199.0,119.9,1199,0.0,1079.1,UPI,Same-Day,"067, Zacharia Ganj, Jaipur - 302001",WH-MUM-02,50,crm-service
8830cc88-c778-499d-85db-1d1df71fb637,ORDER_PLACED,2026-08-26T19:53:52+05:30,ORD-2026-600123,CUST-10116,PLACED,APP,Jaipur,New,PRD-2004,Bluetooth Speaker,Electronics,SKU-2004-BLU-STD,1,1899.0,0,1899,0.0,1899,WALLET,Standard,"927, Roy Nagar, Jaipur - 302001",WH-HYD-04,12,crm-service
51771bfa-efea-4f80-9c31-1c5299a25229,ORDER_PLACED,2026-08-26T19:53:52+05:30,ORD-2026-600124,CUST-10101,PLACED,ONLINE,Lucknow,New,PRD-1004,Leather Formal Belt,Accessories,SKU-1004-BRN-FS,4,749.0,0,2996,0.0,2996,NET_BANKING,Standard,"H.No. 497, Morar Circle, Lucknow - 226001",WH-BLR-03,141,crm-service
11fc7d9b-871f-45f9-b408-cbd83e8e7fd9,ORDER_PLACED,2026-08-26T19:53:52+05:30,ORD-2026-600125,CUST-10042,PLACED,APP,Lucknow,Corporate,PRD-1001,Cotton Crew Neck T-Shirt,Apparel,SKU-1001-BLK-M,1,899.0,44.95,899,49.0,903.05,WALLET,Express,"89/373, Sarin Road, Lucknow - 226001",WH-MUM-02,114,crm-service
767dfacd-9cdb-48bf-8603-c61e584f7d96,ORDER_PLACED,2026-08-26T19:53:52+05:30,ORD-2026-600126,CUST-10019,PLACED,APP,Delhi NCR,Repeat,PRD-1003,Running Shoes,Footwear,SKU-1003-GRY-9,1,2799.0,419.85,2799,0.0,2379.15,WALLET,Standard,"343, Bhat Nagar, Delhi NCR - 110001",WH-DEL-01,48,crm-service
e09c2568-8470-4512-96a4-52b4179ec46d,ORDER_PLACED,2026-08-26T19:53:52+05:30,ORD-2026-600127,CUST-10157,PLACED,APP,Kolkata,New,PRD-3003,Ceramic Coffee Mug Set,Home,SKU-3003-WHT-SET,1,899.0,0,899,49.0,948,UPI,Express,"H.No. 84, Chopra Street, Kolkata - 700001",WH-MUM-02,98,crm-service
3c8fd77b-bf39-418d-85be-c2f205b5b334,ORDER_PLACED,2026-08-26T19:53:52+05:30,ORD-2026-600128,CUST-10080,PLACED,APP,Pune,Prime,PRD-4002,Roasted Almonds 500g,Grocery,SKU-4002-STD-500,1,799.0,39.95,799,49.0,808.05,WALLET,Standard,"21/456, Iyer Street, Pune - 411001",WH-BLR-03,124,crm-service
f2fde3c2-2713-4eb6-8bb8-2802bd475cca,ORDER_PLACED,2026-08-26T19:53:52+05:30,ORD-2026-600129,CUST-10092,PLACED,APP,Jaipur,Repeat,PRD-5002,Adjustable Dumbbell 10kg,Sports,SKU-5002-BLK-10,1,2999.0,299.9,2999,0.0,2699.1,COD,Standard,"H.No. 99, Nair Circle, Jaipur - 302001",WH-MUM-02,16,crm-service
a25f6247-9858-42e2-99da-e33fe5151513,ORDER_PLACED,2026-08-26T19:53:52+05:30,ORD-2026-600130,CUST-10017,PLACED,APP,Chennai,Prime,PRD-1001,Cotton Crew Neck T-Shirt,Apparel,SKU-1001-BLK-M,1,899.0,0,899,49.0,948,UPI,Same-Day,"43/426, Borah Marg, Chennai - 600001",WH-HYD-04,113,crm-service
882a60a9-3042-42f7-b18f-123b17d3e770,ORDER_PLACED,2026-08-26T19:53:53+05:30,ORD-2026-600131,CUST-10189,PLACED,ONLINE,Ahmedabad,Repeat,PRD-3003,Ceramic Coffee Mug Set,Home,SKU-3003-WHT-SET,2,899.0,0,1798,0.0,1798,UPI,Express,"H.No. 392, Bose Marg, Ahmedabad - 380001",WH-DEL-01,97,crm-service
6bce13e7-b9af-43ce-a44e-4ed6fbce8060,ORDER_PLACED,2026-08-26T19:53:53+05:30,ORD-2026-600132,CUST-10184,PLACED,APP,Jaipur,Repeat,PRD-2001,Wireless Earbuds,Electronics,SKU-2001-WHT-STD,1,3499.0,0,3499,0.0,3499,WALLET,Express,"H.No. 09, Subramanian, Jaipur - 302001",WH-BLR-03,34,crm-service
7c0ae57a-f070-4230-a199-f03c6086b72c,ORDER_PLACED,2026-08-26T19:53:53+05:30,ORD-2026-600133,CUST-10098,PLACED,ONLINE,Mumbai,Prime,PRD-5002,Adjustable Dumbbell 10kg,Sports,SKU-5002-BLK-10,1,2999.0,0,2999,0.0,2999,COD,Express,"H.No. 229, Boase Marg, Mumbai - 400001",WH-HYD-04,15,crm-service
b97d6b2c-011b-4e6e-86eb-b29a50407698,ORDER_PLACED,2026-08-26T19:53:53+05:30,ORD-2026-600134,CUST-10019,PLACED,ONLINE,Delhi NCR,Repeat,PRD-3002,Cotton Bedsheet Set,Home,SKU-3002-GRN-DBL,1,1499.0,224.85,1499,0.0,1274.15,WALLET,Express,"343, Bhat Nagar, Delhi NCR - 110001",WH-MUM-02,58,crm-service
438be0c9-76f8-49a2-862a-f46de1a18d8b,ORDER_PLACED,2026-08-26T19:53:53+05:30,ORD-2026-600135,CUST-10194,PLACED,APP,Jaipur,Repeat,PRD-4002,Roasted Almonds 500g,Grocery,SKU-4002-STD-500,1,799.0,0,799,49.0,848,NET_BANKING,Standard,"H.No. 015, Chander Circle, Jaipur - 302001",WH-BLR-03,124,crm-service
9bffeee9-2584-475c-b539-3faef673f034,ORDER_PLACED,2026-08-26T19:53:53+05:30,ORD-2026-600136,CUST-10194,PLACED,APP,Jaipur,Repeat,PRD-3003,Ceramic Coffee Mug Set,Home,SKU-3003-WHT-SET,1,899.0,179.8,899,49.0,768.2,WALLET,Standard,"H.No. 015, Chander Circle, Jaipur - 302001",WH-MUM-02,95,crm-service
77071d16-c32b-4b30-9a09-2ccf249d19ef,ORDER_PLACED,2026-08-26T19:53:53+05:30,ORD-2026-600137,CUST-10080,PLACED,ONLINE,Pune,Prime,PRD-5002,Adjustable Dumbbell 10kg,Sports,SKU-5002-BLK-10,2,2999.0,1199.6,5998,0.0,4798.4,WALLET,Standard,"21/456, Iyer Street, Pune - 411001",WH-HYD-04,14,crm-service
60702770-e42b-432f-9877-2cf18d9b4236,ORDER_PLACED,2026-08-26T19:53:53+05:30,ORD-2026-600138,CUST-10149,PLACED,ONLINE,Jaipur,New,PRD-1002,Slim Fit Denim Jeans,Apparel,SKU-1002-BLU-32,1,1999.0,0,1999,0.0,1999,NET_BANKING,Standard,"29, Dey Circle, Jaipur - 302001",WH-HYD-04,66,crm-service
970a1402-7b20-4a65-b375-4889efb3d246,ORDER_PLACED,2026-08-26T19:53:53+05:30,ORD-2026-600139,CUST-10173,PLACED,APP,Jaipur,Repeat,PRD-2001,Wireless Earbuds,Electronics,SKU-2001-WHT-STD,1,3499.0,0,3499,0.0,3499,UPI,Same-Day,"067, Zacharia Ganj, Jaipur - 302001",WH-HYD-04,33,crm-service
884cc969-8330-4d5a-8c8d-93468870282c,ORDER_PLACED,2026-08-26T19:53:53+05:30,ORD-2026-600140,CUST-10035,PLACED,APP,Hyderabad,Repeat,PRD-1002,Slim Fit Denim Jeans,Apparel,SKU-1002-BLU-32,1,1999.0,0,1999,0.0,1999,CREDIT_CARD,Standard,"21/489, Chander Path, Hyderabad - 500001",WH-HYD-04,65,crm-service
2cc1ebea-69e8-4445-9634-da2f003293e7,ORDER_PLACED,2026-08-26T19:53:53+05:30,ORD-2026-600141,CUST-10097,PLACED,ONLINE,Jaipur,New,PRD-3003,Ceramic Coffee Mug Set,Home,SKU-3003-WHT-SET,1,899.0,44.95,899,49.0,903.05,CREDIT_CARD,Express,"H.No. 93, Bal Marg, Jaipur - 302001",WH-BLR-03,94,crm-service
ccbaa94e-9ea2-4082-b358-7bbf5765fd8a,ORDER_PLACED,2026-08-26T19:53:53+05:30,ORD-2026-600142,CUST-10062,PLACED,ONLINE,Kolkata,Corporate,PRD-3003,Ceramic Coffee Mug Set,Home,SKU-3003-WHT-SET,1,899.0,89.9,899,49.0,858.1,COD,Standard,"46, Tella Road, Kolkata - 700001",WH-DEL-01,93,crm-service
b1aef4f4-5dda-4d91-a5d2-ecd66926d530,ORDER_PLACED,2026-08-26T19:53:53+05:30,ORD-2026-600143,CUST-10128,PLACED,ONLINE,Mumbai,Prime,PRD-2002,65W Fast Charger,Electronics,SKU-2002-BLK-STD,1,1299.0,0,1299,0.0,1299,UPI,Standard,"H.No. 66, Raju Chowk, Mumbai - 400001",WH-MUM-02,77,crm-service
274b8d04-55e9-496e-a7eb-413b01f37f17,ORDER_PLACED,2026-08-26T19:53:53+05:30,ORD-2026-600144,CUST-10120,PLACED,ONLINE,Lucknow,New,PRD-3001,Stainless Steel Bottle 1L,Home,SKU-3001-SLV-1L,1,649.0,97.35,649,49.0,600.65,CREDIT_CARD,Same-Day,"H.No. 530, Chaudhary Path, Lucknow - 226001",WH-DEL-01,189,crm-service
9927e4db-e54d-4551-a31f-9f2230a4de30,ORDER_PLACED,2026-08-26T19:53:53+05:30,ORD-2026-600145,CUST-10126,PLACED,APP,Bengaluru,Repeat,PRD-3001,Stainless Steel Bottle 1L,Home,SKU-3001-SLV-1L,1,649.0,64.9,649,49.0,633.1,UPI,Standard,"72/217, Memon Nagar, Bengaluru - 560001",WH-MUM-02,188,crm-service
fe34711f-9642-4fdb-8cf7-2e8ce1517f18,ORDER_PLACED,2026-08-26T19:53:53+05:30,ORD-2026-600146,CUST-10157,PLACED,ONLINE,Kolkata,New,PRD-1004,Leather Formal Belt,Accessories,SKU-1004-BRN-FS,2,749.0,74.9,1498,0.0,1423.1,WALLET,Standard,"H.No. 84, Chopra Street, Kolkata - 700001",WH-BLR-03,141,crm-service
c33f86d5-527d-4a1b-a433-059919fbe22e,ORDER_PLACED,2026-08-26T19:53:54+05:30,ORD-2026-600147,CUST-10176,PLACED,APP,Hyderabad,New,PRD-2001,Wireless Earbuds,Electronics,SKU-2001-WHT-STD,1,3499.0,699.8,3499,0.0,2799.2,UPI,Same-Day,"33, Dhawan Road, Hyderabad - 500001",WH-HYD-04,32,crm-service
f7771c79-d809-4b25-a499-50d475e3ddfd,ORDER_PLACED,2026-08-26T19:53:54+05:30,ORD-2026-600148,CUST-10081,PLACED,MARKETPLACE,Hyderabad,New,PRD-5002,Adjustable Dumbbell 10kg,Sports,SKU-5002-BLK-10,2,2999.0,899.7,5998,0.0,5098.3,CREDIT_CARD,Standard,"45, Sidhu Zila, Hyderabad - 500001",WH-DEL-01,12,crm-service
8eae0c2b-a760-4a71-afd8-2512d31a3323,ORDER_PLACED,2026-08-26T19:53:54+05:30,ORD-2026-600149,CUST-10184,PLACED,APP,Jaipur,Repeat,PRD-1001,Cotton Crew Neck T-Shirt,Apparel,SKU-1001-BLK-M,1,899.0,89.9,899,49.0,858.1,WALLET,Standard,"H.No. 09, Subramanian, Jaipur - 302001",WH-MUM-02,112,crm-service
e50f3431-6918-4791-afcb-fed6b9ef54a5,ORDER_PLACED,2026-08-26T19:53:54+05:30,ORD-2026-600150,CUST-10025,PLACED,ONLINE,Mumbai,Repeat,PRD-5001,Yoga Mat 6mm,Sports,SKU-5001-PUR-6MM,1,1199.0,179.85,1199,0.0,1019.15,WALLET,Express,"H.No. 01, Malhotra Marg, Mumbai - 400001",WH-MUM-02,49,crm-service
fae164bf-2c6c-4a9a-b094-f4dd86ff1891,ORDER_PLACED,2026-08-26T19:53:54+05:30,ORD-2026-600151,CUST-10111,PLACED,APP,Bengaluru,Prime,PRD-1003,Running Shoes,Footwear,SKU-1003-GRY-9,1,2799.0,139.95,2799,0.0,2659.05,CREDIT_CARD,Same-Day,"H.No. 377, Virk Circle, Bengaluru - 560001",WH-HYD-04,47,crm-service
d882a026-64ce-41b3-8718-69bf9f0d771e,ORDER_PLACED,2026-08-26T19:53:54+05:30,ORD-2026-600152,CUST-10072,PLACED,ONLINE,Jaipur,New,PRD-2001,Wireless Earbuds,Electronics,SKU-2001-WHT-STD,1,3499.0,0,3499,0.0,3499,NET_BANKING,Standard,"H.No. 718, Aurora Chowk, Jaipur - 302001",WH-HYD-04,31,crm-service
40997af9-f88a-4822-ac86-25a86385dbac,ORDER_PLACED,2026-08-26T19:53:54+05:30,ORD-2026-600153,CUST-10169,PLACED,APP,Lucknow,Repeat,PRD-2001,Wireless Earbuds,Electronics,SKU-2001-WHT-STD,1,3499.0,524.85,3499,0.0,2974.15,NET_BANKING,Standard,"51, Bhasin Circle, Lucknow - 226001",WH-HYD-04,30,crm-service
b752e767-d7d9-4fad-aa5d-404d76c242ef,ORDER_PLACED,2026-08-26T19:53:54+05:30,ORD-2026-600154,CUST-10057,PLACED,ONLINE,Lucknow,Prime,PRD-5001,Yoga Mat 6mm,Sports,SKU-5001-PUR-6MM,1,1199.0,0,1199,0.0,1199,CREDIT_CARD,Express,"H.No. 167, Bera Zila, Lucknow - 226001",WH-DEL-01,48,crm-service
ce01eead-8daf-4663-98d9-798985ae3eb9,ORDER_PLACED,2026-08-26T19:53:54+05:30,ORD-2026-600155,CUST-10030,PLACED,ONLINE,Pune,Repeat,PRD-4002,Roasted Almonds 500g,Grocery,SKU-4002-STD-500,1,799.0,0,799,49.0,848,CREDIT_CARD,Express,"H.No. 14, Upadhyay Path, Pune - 411001",WH-MUM-02,123,crm-service
27ac9d37-133e-40a4-8d0f-97d641f93d26,ORDER_PLACED,2026-08-26T19:53:54+05:30,ORD-2026-600156,CUST-10160,PLACED,ONLINE,Pune,Repeat,PRD-1003,Running Shoes,Footwear,SKU-1003-GRY-9,2,2799.0,279.9,5598,0.0,5318.1,DEBIT_CARD,Express,"24, Andra Nagar, Pune - 411001",WH-DEL-01,46,crm-service
ad929511-7a72-42b5-9f7e-ed2447711520,ORDER_PLACED,2026-08-26T19:53:54+05:30,ORD-2026-600157,CUST-10167,PLACED,ONLINE,Kolkata,Repeat,PRD-2004,Bluetooth Speaker,Electronics,SKU-2004-BLU-STD,1,1899.0,189.9,1899,0.0,1709.1,UPI,Standard,"H.No. 87, Jha Zila, Kolkata - 700001",WH-HYD-04,11,crm-service
33a4fff5-e4be-4ee9-966a-0f9ebd8e44ef,ORDER_PLACED,2026-08-26T19:53:54+05:30,ORD-2026-600158,CUST-10084,PLACED,ONLINE,Mumbai,Repeat,PRD-4001,Organic Green Tea 250g,Grocery,SKU-4001-STD-250,1,499.0,99.8,499,49.0,448.2,NET_BANKING,Express,"004, D’Alia Chowk, Mumbai - 400001",WH-BLR-03,166,crm-service
18a47d48-d82d-4c8f-97ff-db327da5ae46,ORDER_PLACED,2026-08-26T19:53:54+05:30,ORD-2026-600159,CUST-10014,PLACED,ONLINE,Chennai,Prime,PRD-3001,Stainless Steel Bottle 1L,Home,SKU-3001-SLV-1L,2,649.0,0,1298,0.0,1298,DEBIT_CARD,Express,"H.No. 518, Mallick Ganj, Chennai - 600001",WH-HYD-04,187,crm-service
428b7d5b-ecad-4c4e-b4d7-f5ad44177011,ORDER_PLACED,2026-08-26T19:53:54+05:30,ORD-2026-600160,CUST-10049,PLACED,MARKETPLACE,Bengaluru,Repeat,PRD-5002,Adjustable Dumbbell 10kg,Sports,SKU-5002-BLK-10,2,2999.0,0,5998,0.0,5998,CREDIT_CARD,Standard,"57, Saran Street, Bengaluru - 560001",WH-DEL-01,10,crm-service
738eb682-810b-4b04-8a77-029b63c8eb0d,ORDER_PLACED,2026-08-26T19:53:54+05:30,ORD-2026-600161,CUST-10165,PLACED,APP,Kolkata,Repeat,PRD-1004,Leather Formal Belt,Accessories,SKU-1004-BRN-FS,2,749.0,74.9,1498,0.0,1423.1,WALLET,Standard,"H.No. 93, Deol Ganj, Kolkata - 700001",WH-DEL-01,139,crm-service
6af0d6bd-0180-45bc-87bb-490c3577a284,ORDER_PLACED,2026-08-26T19:53:54+05:30,ORD-2026-600162,CUST-10033,PLACED,APP,Kolkata,Prime,PRD-3003,Ceramic Coffee Mug Set,Home,SKU-3003-WHT-SET,1,899.0,0,899,49.0,948,CREDIT_CARD,Standard,"46/56, Datta Road, Kolkata - 700001",WH-BLR-03,93,crm-service
6b7a532d-6966-4a64-a781-0c5fb6670dfb,ORDER_PLACED,2026-08-26T19:53:55+05:30,ORD-2026-600163,CUST-10152,PLACED,MARKETPLACE,Delhi NCR,New,PRD-3002,Cotton Bedsheet Set,Home,SKU-3002-GRN-DBL,1,1499.0,299.8,1499,0.0,1199.2,UPI,Standard,"H.No. 913, Sastry Nagar, Delhi NCR - 110001",WH-BLR-03,57,crm-service
6cf0ca33-9695-41f4-bf2e-19dbb58f2f96,ORDER_PLACED,2026-08-26T19:53:55+05:30,ORD-2026-600164,CUST-10182,PLACED,APP,Mumbai,Prime,PRD-5002,Adjustable Dumbbell 10kg,Sports,SKU-5002-BLK-10,2,2999.0,0,5998,0.0,5998,CREDIT_CARD,Standard,"54/77, Ganguly Chowk, Mumbai - 400001",WH-MUM-02,8,crm-service
15f64a09-f873-41e4-b63f-895d4a803a45,ORDER_PLACED,2026-08-26T19:53:55+05:30,ORD-2026-600165,CUST-10121,PLACED,APP,Hyderabad,Repeat,PRD-5002,Adjustable Dumbbell 10kg,Sports,SKU-5002-BLK-10,3,2999.0,449.85,8997,0.0,8547.15,COD,Standard,"90, Bahl Zila, Hyderabad - 500001",WH-MUM-02,6,crm-service
58e9cfe9-d1dc-4817-8fe0-33d7ccc95aa7,ORDER_PLACED,2026-08-26T19:53:55+05:30,ORD-2026-600166,CUST-10032,PLACED,APP,Pune,New,PRD-4001,Organic Green Tea 250g,Grocery,SKU-4001-STD-250,1,499.0,74.85,499,49.0,473.15,CREDIT_CARD,Same-Day,"H.No. 608, Hegde Circle, Pune - 411001",WH-BLR-03,165,crm-service
a01b4b2c-9e0f-4c94-b638-2f7baab5a0c3,ORDER_PLACED,2026-08-26T19:53:55+05:30,ORD-2026-600167,CUST-10013,PLACED,ONLINE,Pune,Prime,PRD-5001,Yoga Mat 6mm,Sports,SKU-5001-PUR-6MM,2,1199.0,0,2398,0.0,2398,CREDIT_CARD,Standard,"H.No. 09, Karpe Circle, Pune - 411001",WH-HYD-04,47,crm-service
28542096-5010-41a0-8750-9d3b77b3b98d,ORDER_PLACED,2026-08-26T19:53:55+05:30,ORD-2026-600168,CUST-10085,PLACED,ONLINE,Jaipur,New,PRD-3003,Ceramic Coffee Mug Set,Home,SKU-3003-WHT-SET,4,899.0,179.8,3596,0.0,3416.2,WALLET,Standard,"92, Chaudhary Marg, Jaipur - 302001",WH-HYD-04,92,crm-service
631cfe2c-83f4-4a73-b843-7e5321c97483,ORDER_PLACED,2026-08-26T19:53:55+05:30,ORD-2026-600169,CUST-10011,PLACED,APP,Hyderabad,Corporate,PRD-2001,Wireless Earbuds,Electronics,SKU-2001-WHT-STD,3,3499.0,1049.7,10497,0.0,9447.3,WALLET,Standard,"911, Biswas Chowk, Hyderabad - 500001",WH-BLR-03,30,crm-service
cd557ab0-7ee0-4f3a-8c89-4b5019a7bec1,ORDER_PLACED,2026-08-26T19:53:55+05:30,ORD-2026-600170,CUST-10125,PLACED,APP,Bengaluru,Repeat,PRD-2002,65W Fast Charger,Electronics,SKU-2002-BLK-STD,2,1299.0,0,2598,0.0,2598,NET_BANKING,Standard,"H.No. 15, Chawla Ganj, Bengaluru - 560001",WH-MUM-02,76,crm-service
53c2c14b-2c5b-4870-a9b8-ac26ef55a79b,ORDER_PLACED,2026-08-26T19:53:55+05:30,ORD-2026-600171,CUST-10121,PLACED,APP,Hyderabad,Repeat,PRD-4001,Organic Green Tea 250g,Grocery,SKU-4001-STD-250,1,499.0,99.8,499,49.0,448.2,WALLET,Standard,"90, Bahl Zila, Hyderabad - 500001",WH-BLR-03,164,crm-service
b38a3bc7-af93-46bc-8c91-e22907d6961b,ORDER_PLACED,2026-08-26T19:53:55+05:30,ORD-2026-600172,CUST-10179,PLACED,ONLINE,Lucknow,New,PRD-1003,Running Shoes,Footwear,SKU-1003-GRY-9,1,2799.0,0,2799,0.0,2799,COD,Express,"73/936, Nagy Ganj, Lucknow - 226001",WH-DEL-01,44,crm-service
70ec5765-7c29-4c00-af78-9cdc52b580f4,ORDER_PLACED,2026-08-26T19:53:55+05:30,ORD-2026-600173,CUST-10084,PLACED,ONLINE,Mumbai,Repeat,PRD-1004,Leather Formal Belt,Accessories,SKU-1004-BRN-FS,1,749.0,149.8,749,49.0,648.2,UPI,Express,"004, D’Alia Chowk, Mumbai - 400001",WH-HYD-04,137,crm-service
f66e5acf-99af-4ffa-ad54-3affe481e8bd,ORDER_PLACED,2026-08-26T19:53:55+05:30,ORD-2026-600174,CUST-10025,PLACED,ONLINE,Mumbai,Repeat,PRD-5002,Adjustable Dumbbell 10kg,Sports,SKU-5002-BLK-10,1,2999.0,0,2999,0.0,2999,NET_BANKING,Same-Day,"H.No. 01, Malhotra Marg, Mumbai - 400001",WH-BLR-03,3,crm-service
03ba8cf6-7331-4327-9d9e-51b7a8c6a9ad,ORDER_PLACED,2026-08-26T19:53:55+05:30,ORD-2026-600175,CUST-10122,PLACED,MARKETPLACE,Chennai,Repeat,PRD-4002,Roasted Almonds 500g,Grocery,SKU-4002-STD-500,1,799.0,0,799,49.0,848,UPI,Standard,"410, Saini Ganj, Chennai - 600001",WH-DEL-01,122,crm-service
cd6866d5-5245-41a8-ad1f-29b9140702af,ORDER_PLACED,2026-08-26T19:53:55+05:30,ORD-2026-600176,CUST-10123,PLACED,APP,Delhi NCR,New,PRD-4002,Roasted Almonds 500g,Grocery,SKU-4002-STD-500,1,799.0,79.9,799,49.0,768.1,CREDIT_CARD,Standard,"24/609, Khosla Path, Delhi NCR - 110001",WH-BLR-03,121,crm-service
96babe94-412f-4f3b-b134-b4b1241ecacc,ORDER_PLACED,2026-08-26T19:53:55+05:30,ORD-2026-600177,CUST-10002,PLACED,ONLINE,Mumbai,Repeat,PRD-3003,Ceramic Coffee Mug Set,Home,SKU-3003-WHT-SET,3,899.0,404.55,2697,0.0,2292.45,NET_BANKING,Express,"H.No. 23, Chaudry Path, Mumbai - 400001",WH-MUM-02,88,crm-service
a2d59cb6-c7ff-4319-8b3e-037b29241ca0,ORDER_PLACED,2026-08-26T19:53:55+05:30,ORD-2026-600178,CUST-10012,PLACED,ONLINE,Mumbai,New,PRD-3001,Stainless Steel Bottle 1L,Home,SKU-3001-SLV-1L,1,649.0,129.8,649,49.0,568.2,NET_BANKING,Standard,"63/83, Rastogi Road, Mumbai - 400001",WH-MUM-02,185,crm-service
8d5da607-0175-4e11-a7c7-3752d83ec095,ORDER_PLACED,2026-08-26T19:53:56+05:30,ORD-2026-600179,CUST-10143,PLACED,APP,Ahmedabad,New,PRD-1004,Leather Formal Belt,Accessories,SKU-1004-BRN-FS,2,749.0,149.8,1498,0.0,1348.2,DEBIT_CARD,Standard,"H.No. 73, Chatterjee Street, Ahmedabad - 380001",WH-DEL-01,136,crm-service
bbc1fdf0-163e-402d-b5c9-150793d8260f,ORDER_PLACED,2026-08-26T19:53:56+05:30,ORD-2026-600180,CUST-10153,PLACED,APP,Pune,Repeat,PRD-2004,Bluetooth Speaker,Electronics,SKU-2004-BLU-STD,2,1899.0,189.9,3798,0.0,3608.1,WALLET,Standard,"70/28, Nair Ganj, Pune - 411001",WH-DEL-01,10,crm-service
32f7310b-1459-4a37-b2f5-04b27377639a,ORDER_PLACED,2026-08-26T19:53:56+05:30,ORD-2026-600181,CUST-10027,PLACED,APP,Ahmedabad,Repeat,PRD-4002,Roasted Almonds 500g,Grocery,SKU-4002-STD-500,1,799.0,159.8,799,49.0,688.2,WALLET,Standard,"H.No. 05, Krish Ganj, Ahmedabad - 380001",WH-HYD-04,120,crm-service
21e21e2c-e3e4-43d4-9716-c7dcd5ea88d8,ORDER_PLACED,2026-08-26T19:53:56+05:30,ORD-2026-600182,CUST-10001,PLACED,MARKETPLACE,Hyderabad,New,PRD-3001,Stainless Steel Bottle 1L,Home,SKU-3001-SLV-1L,2,649.0,194.7,1298,0.0,1103.3,NET_BANKING,Express,"08/38, Kannan Marg, Hyderabad - 500001",WH-HYD-04,184,crm-service
e745bfa1-1389-4b91-9f0f-814f7d173ca8,ORDER_PLACED,2026-08-26T19:53:56+05:30,ORD-2026-600183,CUST-10141,PLACED,MARKETPLACE,Hyderabad,New,PRD-3003,Ceramic Coffee Mug Set,Home,SKU-3003-WHT-SET,1,899.0,0,899,49.0,948,COD,Express,"647, Bhasin Zila, Hyderabad - 500001",WH-BLR-03,85,crm-service
dddcfa4e-1060-45fc-bf1a-a75b47dd9665,ORDER_PLACED,2026-08-26T19:53:56+05:30,ORD-2026-600184,CUST-10045,PLACED,APP,Jaipur,Prime,PRD-3001,Stainless Steel Bottle 1L,Home,SKU-3001-SLV-1L,1,649.0,129.8,649,49.0,568.2,DEBIT_CARD,Express,"80/531, Balasubramanian Nagar, Jaipur - 302001",WH-BLR-03,182,crm-service
163255e9-1ead-4294-9e52-1dd423166910,ORDER_PLACED,2026-08-26T19:53:56+05:30,ORD-2026-600185,CUST-10073,PLACED,APP,Ahmedabad,New,PRD-3003,Ceramic Coffee Mug Set,Home,SKU-3003-WHT-SET,1,899.0,0,899,49.0,948,WALLET,Express,"61/58, Nadig Marg, Ahmedabad - 380001",WH-MUM-02,84,crm-service
bed5f7d8-ea3e-41af-b558-f5bb2a8da0e6,ORDER_PLACED,2026-08-26T19:53:56+05:30,ORD-2026-600186,CUST-10172,PLACED,ONLINE,Bengaluru,Repeat,PRD-4001,Organic Green Tea 250g,Grocery,SKU-4001-STD-250,1,499.0,0,499,49.0,548,WALLET,Standard,"106, Babu, Bengaluru - 560001",WH-HYD-04,164,crm-service
f2137cf4-e825-4cf2-b786-0f9ceb4cb202,ORDER_PLACED,2026-08-26T19:53:56+05:30,ORD-2026-600187,CUST-10003,PLACED,APP,Jaipur,New,PRD-4001,Organic Green Tea 250g,Grocery,SKU-4001-STD-250,1,499.0,74.85,499,49.0,473.15,NET_BANKING,Express,"78/161, Memon Circle, Jaipur - 302001",WH-BLR-03,163,crm-service
2cb239e7-da11-453a-897f-e0198844fab3,ORDER_PLACED,2026-08-26T19:53:56+05:30,ORD-2026-600188,CUST-10049,PLACED,APP,Bengaluru,Repeat,PRD-2001,Wireless Earbuds,Electronics,SKU-2001-WHT-STD,1,3499.0,699.8,3499,0.0,2799.2,UPI,Standard,"57, Saran Street, Bengaluru - 560001",WH-MUM-02,27,crm-service
d0519b54-f631-47eb-836a-af701b6c79bd,ORDER_PLACED,2026-08-26T19:53:56+05:30,ORD-2026-600189,CUST-10017,PLACED,ONLINE,Chennai,Prime,PRD-4002,Roasted Almonds 500g,Grocery,SKU-4002-STD-500,1,799.0,79.9,799,49.0,768.1,COD,Standard,"43/426, Borah Marg, Chennai - 600001",WH-DEL-01,119,crm-service
ffd7ea8a-9af9-4b43-9dcb-1b277b4d9b4f,ORDER_PLACED,2026-08-26T19:53:56+05:30,ORD-2026-600190,CUST-10075,PLACED,ONLINE,Ahmedabad,Prime,PRD-1004,Leather Formal Belt,Accessories,SKU-1004-BRN-FS,3,749.0,337.05,2247,0.0,1909.95,COD,Standard,"23, Sabharwal Circle, Ahmedabad - 380001",WH-DEL-01,134,crm-service
13bfee85-3a2e-4e83-ad22-72ec17264958,ORDER_PLACED,2026-08-26T19:53:56+05:30,ORD-2026-600191,CUST-10108,PLACED,APP,Mumbai,New,PRD-5001,Yoga Mat 6mm,Sports,SKU-5001-PUR-6MM,1,1199.0,179.85,1199,0.0,1019.15,WALLET,Express,"717, Mitter Chowk, Mumbai - 400001",WH-HYD-04,45,crm-service
71e49f0d-1595-43bf-a6b3-c58315c77c1d,ORDER_PLACED,2026-08-26T19:53:56+05:30,ORD-2026-600192,CUST-10117,PLACED,APP,Mumbai,Prime,PRD-4001,Organic Green Tea 250g,Grocery,SKU-4001-STD-250,1,499.0,0,499,49.0,548,UPI,Standard,"473, Sastry Path, Mumbai - 400001",WH-BLR-03,163,crm-service
3f59935a-18de-4323-9859-22e448c8ff39,ORDER_PLACED,2026-08-26T19:53:56+05:30,ORD-2026-600193,CUST-10097,PLACED,ONLINE,Jaipur,New,PRD-2003,Smart Fitness Band,Electronics,SKU-2003-BLK-STD,2,2499.0,0,4998,0.0,4998,NET_BANKING,Standard,"H.No. 93, Bal Marg, Jaipur - 302001",WH-MUM-02,22,crm-service
acdd7cfa-87d4-4969-876f-8910c84a6f5b,ORDER_PLACED,2026-08-26T19:53:56+05:30,ORD-2026-600194,CUST-10162,PLACED,APP,Jaipur,New,PRD-1003,Running Shoes,Footwear,SKU-1003-GRY-9,1,2799.0,559.8,2799,0.0,2239.2,WALLET,Standard,"H.No. 93, Ravi Street, Jaipur - 302001",WH-DEL-01,43,crm-service
a85d415f-81d4-4b45-bddb-47941c31e444,ORDER_PLACED,2026-08-26T19:53:56+05:30,ORD-2026-600195,CUST-10064,PLACED,APP,Hyderabad,Repeat,PRD-1004,Leather Formal Belt,Accessories,SKU-1004-BRN-FS,1,749.0,149.8,749,49.0,648.2,COD,Express,"67/17, Rege Path, Hyderabad - 500001",WH-HYD-04,131,crm-service
5983b773-7e22-408c-adb3-90c438f0de3d,ORDER_PLACED,2026-08-26T19:53:56+05:30,ORD-2026-600196,CUST-10050,PLACED,ONLINE,Chennai,Prime,PRD-4001,Organic Green Tea 250g,Grocery,SKU-4001-STD-250,1,499.0,24.95,499,49.0,523.05,DEBIT_CARD,Standard,"H.No. 31, Seshadri Road, Chennai - 600001",WH-MUM-02,162,crm-service
affd17e8-988a-49d1-9052-2e703b6915e0,ORDER_PLACED,2026-08-26T19:53:57+05:30,ORD-2026-600197,CUST-10084,PLACED,APP,Mumbai,Repeat,PRD-5002,Adjustable Dumbbell 10kg,Sports,SKU-5002-BLK-10,1,2999.0,299.9,2999,0.0,2699.1,DEBIT_CARD,Express,"004, D’Alia Chowk, Mumbai - 400001",WH-HYD-04,5,crm-service
d091d774-2539-4378-9855-3a390224cf37,ORDER_PLACED,2026-08-26T19:53:57+05:30,ORD-2026-600198,CUST-10035,PLACED,APP,Hyderabad,Repeat,PRD-5002,Adjustable Dumbbell 10kg,Sports,SKU-5002-BLK-10,1,2999.0,149.95,2999,0.0,2849.05,WALLET,Express,"21/489, Chander Path, Hyderabad - 500001",WH-DEL-01,4,crm-service
80c25c57-2746-4b36-ac58-b7b01b463229,ORDER_PLACED,2026-08-26T19:53:57+05:30,ORD-2026-600199,CUST-10175,PLACED,APP,Hyderabad,Repeat,PRD-1003,Running Shoes,Footwear,SKU-1003-GRY-9,2,2799.0,0,5598,0.0,5598,NET_BANKING,Standard,"70/56, Nagar Circle, Hyderabad - 500001",WH-MUM-02,42,crm-service
4e8b656f-e7f9-4a8a-b3ad-288faaa59622,ORDER_PLACED,2026-08-26T19:53:57+05:30,ORD-2026-600200,CUST-10124,PLACED,APP,Chennai,New,PRD-1004,Leather Formal Belt,Accessories,SKU-1004-BRN-FS,1,749.0,37.45,749,49.0,760.55,CREDIT_CARD,Standard,"88/88, Ramakrishnan Nagar, Chennai - 600001",WH-MUM-02,132,crm-service
a9fd84d8-2b33-451e-9a23-b5db4360bfed,ORDER_PLACED,2026-08-26T19:53:57+05:30,ORD-2026-600201,CUST-10019,PLACED,APP,Delhi NCR,Repeat,PRD-3001,Stainless Steel Bottle 1L,Home,SKU-3001-SLV-1L,1,649.0,0,649,49.0,698,COD,Standard,"343, Bhat Nagar, Delhi NCR - 110001",WH-BLR-03,182,crm-service
d41ae6e8-5e0b-4939-84a0-90bd50f33c20,ORDER_PLACED,2026-08-26T19:53:57+05:30,ORD-2026-600202,CUST-10035,PLACED,ONLINE,Hyderabad,Repeat,PRD-2004,Bluetooth Speaker,Electronics,SKU-2004-BLU-STD,1,1899.0,0,1899,0.0,1899,COD,Standard,"21/489, Chander Path, Hyderabad - 500001",WH-MUM-02,8,crm-service
1a3b5635-6f17-48b5-83a0-b7f8fd98ea47,ORDER_PLACED,2026-08-26T19:53:57+05:30,ORD-2026-600203,CUST-10032,PLACED,ONLINE,Pune,New,PRD-3002,Cotton Bedsheet Set,Home,SKU-3002-GRN-DBL,1,1499.0,0,1499,0.0,1499,WALLET,Standard,"H.No. 608, Hegde Circle, Pune - 411001",WH-MUM-02,56,crm-service
787f7e8e-5eb9-4e62-9006-11013942cb5b,ORDER_PLACED,2026-08-26T19:53:57+05:30,ORD-2026-600204,CUST-10153,PLACED,MARKETPLACE,Pune,Repeat,PRD-3002,Cotton Bedsheet Set,Home,SKU-3002-GRN-DBL,1,1499.0,299.8,1499,0.0,1199.2,WALLET,Express,"70/28, Nair Ganj, Pune - 411001",WH-BLR-03,55,crm-service
185cd2ad-b683-4f88-80ad-3f0a6b8ecd3d,ORDER_PLACED,2026-08-26T19:53:57+05:30,ORD-2026-600205,CUST-10030,PLACED,APP,Pune,Repeat,PRD-1002,Slim Fit Denim Jeans,Apparel,SKU-1002-BLU-32,1,1999.0,0,1999,0.0,1999,COD,Standard,"H.No. 14, Upadhyay Path, Pune - 411001",WH-DEL-01,64,crm-service
b6f9d580-9b9d-451b-a1cf-e41da92bf17b,ORDER_PLACED,2026-08-26T19:53:57+05:30,ORD-2026-600206,CUST-10094,PLACED,APP,Delhi NCR,Repeat,PRD-5001,Yoga Mat 6mm,Sports,SKU-5001-PUR-6MM,1,1199.0,179.85,1199,0.0,1019.15,NET_BANKING,Standard,"H.No. 45, Som Street, Delhi NCR - 110001",WH-HYD-04,44,crm-service
544ca7a5-4ad8-4faf-8a4c-9ec436670982,ORDER_PLACED,2026-08-26T19:53:57+05:30,ORD-2026-600207,CUST-10133,PLACED,APP,Delhi NCR,Prime,PRD-1001,Cotton Crew Neck T-Shirt,Apparel,SKU-1001-BLK-M,1,899.0,0,899,49.0,948,WALLET,Express,"86, Dalal Circle, Delhi NCR - 110001",WH-HYD-04,112,crm-service
a8a72941-3269-495d-81ae-a9d7611f16e6,ORDER_PLACED,2026-08-26T19:53:57+05:30,ORD-2026-600208,CUST-10137,PLACED,APP,Hyderabad,Prime,PRD-2003,Smart Fitness Band,Electronics,SKU-2003-BLK-STD,1,2499.0,374.85,2499,0.0,2124.15,DEBIT_CARD,Same-Day,"12/51, Shukla Chowk, Hyderabad - 500001",WH-HYD-04,20,crm-service
66fb66d5-9450-4583-afff-cee0add57d52,ORDER_PLACED,2026-08-26T19:53:57+05:30,ORD-2026-600209,CUST-10025,PLACED,ONLINE,Mumbai,Repeat,PRD-1004,Leather Formal Belt,Accessories,SKU-1004-BRN-FS,1,749.0,37.45,749,49.0,760.55,COD,Standard,"H.No. 01, Malhotra Marg, Mumbai - 400001",WH-DEL-01,131,crm-service
79da6077-1dfa-4840-898f-3cfb8282fce3,ORDER_PLACED,2026-08-26T19:53:57+05:30,ORD-2026-600210,CUST-10037,PLACED,APP,Lucknow,Repeat,PRD-2004,Bluetooth Speaker,Electronics,SKU-2004-BLU-STD,3,1899.0,569.7,5697,0.0,5127.3,UPI,Standard,"H.No. 632, Shetty Circle, Lucknow - 226001",WH-MUM-02,7,crm-service
1f495d9e-8454-4ccf-9d52-7aa1f412071a,ORDER_PLACED,2026-08-26T19:53:57+05:30,ORD-2026-600211,CUST-10022,PLACED,APP,Chennai,Repeat,PRD-2001,Wireless Earbuds,Electronics,SKU-2001-WHT-STD,2,3499.0,349.9,6998,0.0,6648.1,WALLET,Standard,"H.No. 079, Chaudhry, Chennai - 600001",WH-MUM-02,27,crm-service
78d07655-6a74-44a9-a7b5-a6e555e79e96,ORDER_PLACED,2026-08-26T19:53:57+05:30,ORD-2026-600212,CUST-10072,PLACED,ONLINE,Jaipur,New,PRD-4001,Organic Green Tea 250g,Grocery,SKU-4001-STD-250,2,499.0,149.7,998,49.0,897.3,DEBIT_CARD,Standard,"H.No. 718, Aurora Chowk, Jaipur - 302001",WH-BLR-03,161,crm-service
8b7d8799-9b17-488f-b5b0-96986d054995,ORDER_PLACED,2026-08-26T19:53:58+05:30,ORD-2026-600213,CUST-10117,PLACED,ONLINE,Mumbai,Prime,PRD-3003,Ceramic Coffee Mug Set,Home,SKU-3003-WHT-SET,1,899.0,134.85,899,49.0,813.15,UPI,Standard,"473, Sastry Path, Mumbai - 400001",WH-BLR-03,83,crm-service
d0844e80-7f3a-4594-a8e7-3201372144bf,ORDER_PLACED,2026-08-26T19:53:58+05:30,ORD-2026-600214,CUST-10058,PLACED,ONLINE,Ahmedabad,Prime,PRD-4002,Roasted Almonds 500g,Grocery,SKU-4002-STD-500,1,799.0,39.95,799,49.0,808.05,COD,Standard,"99/38, Seshadri Marg, Ahmedabad - 380001",WH-BLR-03,118,crm-service
d01969b2-8453-4f78-8893-a1fd0b33eb36,ORDER_PLACED,2026-08-26T19:53:58+05:30,ORD-2026-600215,CUST-10158,PLACED,APP,Pune,Repeat,PRD-2002,65W Fast Charger,Electronics,SKU-2002-BLK-STD,1,1299.0,0,1299,0.0,1299,UPI,Express,"52/909, Narula Marg, Pune - 411001",WH-HYD-04,74,crm-service
57e81611-b642-42eb-823d-e7143999bc5f,ORDER_PLACED,2026-08-26T19:53:58+05:30,ORD-2026-600216,CUST-10123,PLACED,ONLINE,Delhi NCR,New,PRD-2002,65W Fast Charger,Electronics,SKU-2002-BLK-STD,1,1299.0,129.9,1299,0.0,1169.1,COD,Express,"24/609, Khosla Path, Delhi NCR - 110001",WH-HYD-04,73,crm-service
d1f24ae3-f9cc-4121-a7b1-f5007e0fb8cd,ORDER_PLACED,2026-08-26T19:53:58+05:30,ORD-2026-600217,CUST-10030,PLACED,APP,Pune,Repeat,PRD-4001,Organic Green Tea 250g,Grocery,SKU-4001-STD-250,1,499.0,24.95,499,49.0,523.05,WALLET,Standard,"H.No. 14, Upadhyay Path, Pune - 411001",WH-MUM-02,159,crm-service
c29d4642-4c30-425c-803a-866e83f7b888,ORDER_PLACED,2026-08-26T19:53:58+05:30,ORD-2026-600218,CUST-10047,PLACED,APP,Bengaluru,Repeat,PRD-3001,Stainless Steel Bottle 1L,Home,SKU-3001-SLV-1L,1,649.0,32.45,649,49.0,665.55,NET_BANKING,Same-Day,"H.No. 904, Prashad, Bengaluru - 560001",WH-BLR-03,181,crm-service
814ed12f-6b5f-4527-b765-d9acc18c5054,ORDER_PLACED,2026-08-26T19:53:58+05:30,ORD-2026-600219,CUST-10136,PLACED,APP,Lucknow,Repeat,PRD-4001,Organic Green Tea 250g,Grocery,SKU-4001-STD-250,1,499.0,49.9,499,49.0,498.1,DEBIT_CARD,Standard,"82, Chadha, Lucknow - 226001",WH-DEL-01,158,crm-service
b864ea18-5edc-4785-8039-a341fedb2a71,ORDER_PLACED,2026-08-26T19:53:58+05:30,ORD-2026-600220,CUST-10121,PLACED,APP,Hyderabad,Repeat,PRD-5001,Yoga Mat 6mm,Sports,SKU-5001-PUR-6MM,1,1199.0,119.9,1199,0.0,1079.1,WALLET,Standard,"90, Bahl Zila, Hyderabad - 500001",WH-BLR-03,43,crm-service
df6c6561-e0a6-4157-90e4-88253096e8a6,ORDER_PLACED,2026-08-26T19:53:58+05:30,ORD-2026-600221,CUST-10037,PLACED,APP,Lucknow,Repeat,PRD-5001,Yoga Mat 6mm,Sports,SKU-5001-PUR-6MM,1,1199.0,59.95,1199,0.0,1139.05,NET_BANKING,Standard,"H.No. 632, Shetty Circle, Lucknow - 226001",WH-HYD-04,42,crm-service
d1935b12-6065-4906-b810-a704eeed303c,ORDER_PLACED,2026-08-26T19:53:58+05:30,ORD-2026-600222,CUST-10081,PLACED,APP,Hyderabad,New,PRD-3003,Ceramic Coffee Mug Set,Home,SKU-3003-WHT-SET,1,899.0,44.95,899,49.0,903.05,COD,Standard,"45, Sidhu Zila, Hyderabad - 500001",WH-BLR-03,82,crm-service
3937ebab-ed86-43cb-94c3-607fa88e3ac0,ORDER_PLACED,2026-08-26T19:53:58+05:30,ORD-2026-600223,CUST-10013,PLACED,ONLINE,Pune,Prime,PRD-1001,Cotton Crew Neck T-Shirt,Apparel,SKU-1001-BLK-M,2,899.0,269.7,1798,0.0,1528.3,UPI,Standard,"H.No. 09, Karpe Circle, Pune - 411001",WH-MUM-02,111,crm-service
944b9cfb-82f7-4366-bad1-bd4e5d59da73,ORDER_PLACED,2026-08-26T19:53:58+05:30,ORD-2026-600224,CUST-10188,PLACED,ONLINE,Pune,Corporate,PRD-2001,Wireless Earbuds,Electronics,SKU-2001-WHT-STD,1,3499.0,0,3499,0.0,3499,CREDIT_CARD,Standard,"18/03, Soman Ganj, Pune - 411001",WH-MUM-02,26,crm-service
f7a15b8c-f691-47ab-87d5-c1768d038e72,ORDER_PLACED,2026-08-26T19:53:58+05:30,ORD-2026-600225,CUST-10125,PLACED,APP,Bengaluru,Repeat,PRD-4002,Roasted Almonds 500g,Grocery,SKU-4002-STD-500,1,799.0,0,799,49.0,848,NET_BANKING,Express,"H.No. 15, Chawla Ganj, Bengaluru - 560001",WH-MUM-02,117,crm-service
16b0bdc0-5286-47a1-a3d4-b4a2cecfdaf8,ORDER_PLACED,2026-08-26T19:53:58+05:30,ORD-2026-600226,CUST-10111,PLACED,ONLINE,Bengaluru,Prime,PRD-2003,Smart Fitness Band,Electronics,SKU-2003-BLK-STD,1,2499.0,499.8,2499,0.0,1999.2,WALLET,Standard,"H.No. 377, Virk Circle, Bengaluru - 560001",WH-HYD-04,19,crm-service
c74c375b-42e1-4297-abdc-1e358caabd31,ORDER_PLACED,2026-08-26T19:53:58+05:30,ORD-2026-600227,CUST-10159,PLACED,ONLINE,Hyderabad,Repeat,PRD-2004,Bluetooth Speaker,Electronics,SKU-2004-BLU-STD,1,1899.0,0,1899,0.0,1899,CREDIT_CARD,Standard,"H.No. 54, Chakraborty Nagar, Hyderabad - 500001",WH-DEL-01,4,crm-service
137e0296-5fdd-46f2-8dec-516b71423f30,ORDER_PLACED,2026-08-26T19:53:58+05:30,ORD-2026-600228,CUST-10186,PLACED,APP,Ahmedabad,New,PRD-1001,Cotton Crew Neck T-Shirt,Apparel,SKU-1001-BLK-M,1,899.0,0,899,49.0,948,UPI,Standard,"84/54, Brar Marg, Ahmedabad - 380001",WH-BLR-03,109,crm-service
ba013af4-4cb6-4887-b594-46f94dae7833,ORDER_PLACED,2026-08-26T19:53:59+05:30,ORD-2026-600229,CUST-10133,PLACED,MARKETPLACE,Delhi NCR,Prime,PRD-3003,Ceramic Coffee Mug Set,Home,SKU-3003-WHT-SET,4,899.0,359.6,3596,0.0,3236.4,NET_BANKING,Express,"86, Dalal Circle, Delhi NCR - 110001",WH-BLR-03,81,crm-service
536d3317-9392-47f8-bb33-d63e13fb9733,ORDER_PLACED,2026-08-26T19:53:59+05:30,ORD-2026-600230,CUST-10140,PLACED,APP,Kolkata,Prime,PRD-3001,Stainless Steel Bottle 1L,Home,SKU-3001-SLV-1L,1,649.0,64.9,649,49.0,633.1,WALLET,Standard,"00/10, Lanka, Kolkata - 700001",WH-BLR-03,182,crm-service
42686c76-d161-4865-8eac-2c54e1bddef6,ORDER_PLACED,2026-08-26T19:53:59+05:30,ORD-2026-600231,CUST-10023,PLACED,APP,Pune,New,PRD-3003,Ceramic Coffee Mug Set,Home,SKU-3003-WHT-SET,1,899.0,179.8,899,49.0,768.2,UPI,Standard,"H.No. 354, Sarma Street, Pune - 411001",WH-MUM-02,77,crm-service
6cc639a8-bdb4-4a4d-b6a4-0c9ab50c0a04,ORDER_PLACED,2026-08-26T19:53:59+05:30,ORD-2026-600232,CUST-10142,PLACED,APP,Mumbai,Repeat,PRD-4002,Roasted Almonds 500g,Grocery,SKU-4002-STD-500,1,799.0,39.95,799,49.0,808.05,NET_BANKING,Express,"25/55, De Marg, Mumbai - 400001",WH-DEL-01,116,crm-service
0bd2fda4-924a-498c-8763-49a2e2296304,ORDER_PLACED,2026-08-26T19:53:59+05:30,ORD-2026-600233,CUST-10000,PLACED,APP,Mumbai,New,PRD-4002,Roasted Almonds 500g,Grocery,SKU-4002-STD-500,1,799.0,79.9,799,49.0,768.1,WALLET,Standard,"321, Chahal Circle, Mumbai - 400001",WH-DEL-01,115,crm-service
30fa2f89-a903-4cf4-854f-f1bd404d5ddb,ORDER_PLACED,2026-08-26T19:53:59+05:30,ORD-2026-600234,CUST-10016,PLACED,APP,Hyderabad,New,PRD-3003,Ceramic Coffee Mug Set,Home,SKU-3003-WHT-SET,4,899.0,359.6,3596,0.0,3236.4,CREDIT_CARD,Standard,"22/660, Hora, Hyderabad - 500001",WH-HYD-04,76,crm-service
9c83158a-35d0-485e-9dcc-58619a501ec7,ORDER_PLACED,2026-08-26T19:53:59+05:30,ORD-2026-600235,CUST-10020,PLACED,APP,Chennai,Corporate,PRD-2004,Bluetooth Speaker,Electronics,SKU-2004-BLU-STD,2,1899.0,0,3798,0.0,3798,DEBIT_CARD,Standard,"H.No. 219, Keer Zila, Chennai - 600001",WH-HYD-04,3,crm-service
a0a0c576-2644-40ad-881b-ef7707c619b2,ORDER_PLACED,2026-08-26T19:53:59+05:30,ORD-2026-600236,CUST-10135,PLACED,ONLINE,Jaipur,Prime,PRD-1001,Cotton Crew Neck T-Shirt,Apparel,SKU-1001-BLK-M,2,899.0,89.9,1798,0.0,1708.1,UPI,Same-Day,"258, Dara Ganj, Jaipur - 302001",WH-DEL-01,108,crm-service
8dcd80df-3179-41d9-8238-15067c8aecc0,ORDER_PLACED,2026-08-26T19:53:59+05:30,ORD-2026-600237,CUST-10113,PLACED,APP,Chennai,New,PRD-5002,Adjustable Dumbbell 10kg,Sports,SKU-5002-BLK-10,1,2999.0,149.95,2999,0.0,2849.05,COD,Same-Day,"H.No. 62, Chad, Chennai - 600001",WH-BLR-03,3,crm-service
6a513b0c-187a-46a0-8cec-ab0064113c8c,ORDER_PLACED,2026-08-26T19:53:59+05:30,ORD-2026-600238,CUST-10082,PLACED,APP,Ahmedabad,New,PRD-3002,Cotton Bedsheet Set,Home,SKU-3002-GRN-DBL,1,1499.0,224.85,1499,0.0,1274.15,CREDIT_CARD,Standard,"04, Dasgupta Circle, Ahmedabad - 380001",WH-BLR-03,54,crm-service
4c830bfa-2d59-4af9-88de-c7922e1c4d92,ORDER_PLACED,2026-08-26T19:53:59+05:30,ORD-2026-600239,CUST-10141,PLACED,APP,Hyderabad,New,PRD-3001,Stainless Steel Bottle 1L,Home,SKU-3001-SLV-1L,1,649.0,97.35,649,49.0,600.65,CREDIT_CARD,Standard,"647, Bhasin Zila, Hyderabad - 500001",WH-HYD-04,181,crm-service
a3ac9dc4-1725-44e1-aff3-25a41f71c3a3,ORDER_PLACED,2026-08-26T19:53:59+05:30,ORD-2026-600240,CUST-10059,PLACED,APP,Jaipur,Prime,PRD-2001,Wireless Earbuds,Electronics,SKU-2001-WHT-STD,2,3499.0,0,6998,0.0,6998,COD,Standard,"341, Khatri Street, Jaipur - 302001",WH-MUM-02,27,crm-service
8249bdd0-4596-4190-9bd4-23e4c9737d7f,ORDER_PLACED,2026-08-26T19:53:59+05:30,ORD-2026-600241,CUST-10106,PLACED,APP,Bengaluru,Repeat,PRD-5002,Adjustable Dumbbell 10kg,Sports,SKU-5002-BLK-10,2,2999.0,0,5998,0.0,5998,WALLET,Express,"521, Comar Circle, Bengaluru - 560001",WH-DEL-01,2,crm-service
da480317-28e9-4db6-af7c-a2fdd1230177,ORDER_PLACED,2026-08-26T19:53:59+05:30,ORD-2026-600242,CUST-10081,PLACED,ONLINE,Hyderabad,New,PRD-3001,Stainless Steel Bottle 1L,Home,SKU-3001-SLV-1L,1,649.0,32.45,649,49.0,665.55,COD,Express,"45, Sidhu Zila, Hyderabad - 500001",WH-MUM-02,180,crm-service
80923ed6-0fc8-4ae3-b443-6685a536ebcc,ORDER_PLACED,2026-08-26T19:53:59+05:30,ORD-2026-600243,CUST-10050,PLACED,ONLINE,Chennai,Prime,PRD-2004,Bluetooth Speaker,Electronics,SKU-2004-BLU-STD,1,1899.0,284.85,1899,0.0,1614.15,CREDIT_CARD,Standard,"H.No. 31, Seshadri Road, Chennai - 600001",WH-MUM-02,1,crm-service
20d34e1d-b261-4e8b-8def-497aa281517b,ORDER_PLACED,2026-08-26T19:53:59+05:30,ORD-2026-600244,CUST-10147,PLACED,ONLINE,Mumbai,Corporate,PRD-1002,Slim Fit Denim Jeans,Apparel,SKU-1002-BLU-32,1,1999.0,199.9,1999,0.0,1799.1,NET_BANKING,Standard,"41/68, Mammen Chowk, Mumbai - 400001",WH-MUM-02,64,crm-service
b36d4077-fa48-4032-93f0-21ddf1cd6889,ORDER_PLACED,2026-08-26T19:53:59+05:30,ORD-2026-600245,CUST-10120,PLACED,APP,Lucknow,New,PRD-1001,Cotton Crew Neck T-Shirt,Apparel,SKU-1001-BLK-M,1,899.0,179.8,899,49.0,768.2,COD,Standard,"H.No. 530, Chaudhary Path, Lucknow - 226001",WH-BLR-03,106,crm-service
d5dd5378-0006-4935-afb8-e0b3eb60662c,ORDER_PLACED,2026-08-26T19:53:59+05:30,ORD-2026-600246,CUST-10171,PLACED,ONLINE,Hyderabad,Repeat,PRD-1001,Cotton Crew Neck T-Shirt,Apparel,SKU-1001-BLK-M,1,899.0,179.8,899,49.0,768.2,COD,Standard,"H.No. 047, Samra Circle, Hyderabad - 500001",WH-MUM-02,105,crm-service
d99a776d-7eaa-493d-b0a1-8d8af5a96c5b,ORDER_PLACED,2026-08-26T19:54:00+05:30,ORD-2026-600247,CUST-10005,PLACED,APP,Hyderabad,Repeat,PRD-1001,Cotton Crew Neck T-Shirt,Apparel,SKU-1001-BLK-M,1,899.0,134.85,899,49.0,813.15,DEBIT_CARD,Standard,"32/76, Kanda Road, Hyderabad - 500001",WH-HYD-04,104,crm-service
a5f90404-3688-4914-8167-17381c5b2274,ORDER_PLACED,2026-08-26T19:54:00+05:30,ORD-2026-600248,CUST-10160,PLACED,APP,Pune,Repeat,PRD-2001,Wireless Earbuds,Electronics,SKU-2001-WHT-STD,1,3499.0,524.85,3499,0.0,2974.15,DEBIT_CARD,Express,"24, Andra Nagar, Pune - 411001",WH-BLR-03,25,crm-service
886768f9-005a-4456-ae83-d65e445af6ff,ORDER_PLACED,2026-08-26T19:54:00+05:30,ORD-2026-600249,CUST-10146,PLACED,ONLINE,Hyderabad,Repeat,PRD-1003,Running Shoes,Footwear,SKU-1003-GRY-9,1,2799.0,139.95,2799,0.0,2659.05,COD,Standard,"H.No. 162, Pau Road, Hyderabad - 500001",WH-MUM-02,40,crm-service
3c7b8ed0-c1a5-44cb-9fab-a840d35d1963,ORDER_PLACED,2026-08-26T19:54:00+05:30,ORD-2026-600250,CUST-10035,PLACED,APP,Hyderabad,Repeat,PRD-2001,Wireless Earbuds,Electronics,SKU-2001-WHT-STD,2,3499.0,1049.7,6998,0.0,5948.3,CREDIT_CARD,Standard,"21/489, Chander Path, Hyderabad - 500001",WH-MUM-02,24,crm-service
254a9ce5-be7c-4287-8309-6454fce57346,ORDER_PLACED,2026-08-26T19:54:00+05:30,ORD-2026-600251,CUST-10189,PLACED,APP,Ahmedabad,Repeat,PRD-2001,Wireless Earbuds,Electronics,SKU-2001-WHT-STD,1,3499.0,0,3499,0.0,3499,UPI,Standard,"H.No. 392, Bose Marg, Ahmedabad - 380001",WH-DEL-01,22,crm-service
a9640b73-a3e3-401a-954e-fa7aa03702af,ORDER_PLACED,2026-08-26T19:54:00+05:30,ORD-2026-600252,CUST-10059,PLACED,ONLINE,Jaipur,Prime,PRD-3002,Cotton Bedsheet Set,Home,SKU-3002-GRN-DBL,1,1499.0,299.8,1499,0.0,1199.2,UPI,Standard,"341, Khatri Street, Jaipur - 302001",WH-HYD-04,53,crm-service
fd8e775a-c046-42b5-9c13-10ef37d5ba26,ORDER_PLACED,2026-08-26T19:54:00+05:30,ORD-2026-600253,CUST-10157,PLACED,APP,Kolkata,New,PRD-2004,Bluetooth Speaker,Electronics,SKU-2004-BLU-STD,2,1899.0,379.8,3798,0.0,3418.2,CREDIT_CARD,Standard,"H.No. 84, Chopra Street, Kolkata - 700001",WH-DEL-01,0,crm-service
4d22bce7-96b7-4b04-a348-25f4f1b692c4,ORDER_PLACED,2026-08-26T19:54:00+05:30,ORD-2026-600254,CUST-10190,PLACED,APP,Jaipur,New,PRD-3002,Cotton Bedsheet Set,Home,SKU-3002-GRN-DBL,1,1499.0,224.85,1499,0.0,1274.15,WALLET,Express,"21/850, Sarkar Zila, Jaipur - 302001",WH-DEL-01,52,crm-service
337d0f88-a07f-4525-b28e-e6bc4cd2c273,ORDER_PLACED,2026-08-26T19:54:00+05:30,ORD-2026-600255,CUST-10118,PLACED,APP,Chennai,New,PRD-5001,Yoga Mat 6mm,Sports,SKU-5001-PUR-6MM,1,1199.0,0,1199,0.0,1199,WALLET,Standard,"24/07, Chauhan Path, Chennai - 600001",WH-MUM-02,42,crm-service
bad9cfe1-b986-4b8e-b435-bea18a7910ad,ORDER_PLACED,2026-08-26T19:54:00+05:30,ORD-2026-600256,CUST-10105,PLACED,APP,Pune,New,PRD-2002,65W Fast Charger,Electronics,SKU-2002-BLK-STD,1,1299.0,0,1299,0.0,1299,NET_BANKING,Standard,"75/16, Kohli Zila, Pune - 411001",WH-MUM-02,72,crm-service
24d20ed5-1e25-4166-9c98-ded47eb007ed,ORDER_PLACED,2026-08-26T19:54:00+05:30,ORD-2026-600257,CUST-10040,PLACED,ONLINE,Bengaluru,Prime,PRD-2003,Smart Fitness Band,Electronics,SKU-2003-BLK-STD,1,2499.0,0,2499,0.0,2499,CREDIT_CARD,Express,"623, Sachdeva Zila, Bengaluru - 560001",WH-MUM-02,18,crm-service
d7d2da99-dc24-4d62-a197-5250794cd731,ORDER_PLACED,2026-08-26T19:54:00+05:30,ORD-2026-600258,CUST-10078,PLACED,APP,Delhi NCR,Repeat,PRD-2001,Wireless Earbuds,Electronics,SKU-2001-WHT-STD,2,3499.0,699.8,6998,0.0,6298.2,DEBIT_CARD,Standard,"95, Merchant, Delhi NCR - 110001",WH-DEL-01,21,crm-service
965a2c35-d56c-4e61-9a2a-d616a91446de,ORDER_PLACED,2026-08-26T19:54:00+05:30,ORD-2026-600259,CUST-10154,PLACED,ONLINE,Kolkata,Repeat,PRD-2001,Wireless Earbuds,Electronics,SKU-2001-WHT-STD,1,3499.0,0,3499,0.0,3499,UPI,Standard,"H.No. 85, Sule Road, Kolkata - 700001",WH-MUM-02,20,crm-service
bcb70bac-d846-4ee2-a247-395b8db09e65,ORDER_PLACED,2026-08-26T19:54:00+05:30,ORD-2026-600260,CUST-10146,PLACED,ONLINE,Hyderabad,Repeat,PRD-4002,Roasted Almonds 500g,Grocery,SKU-4002-STD-500,1,799.0,79.9,799,49.0,768.1,WALLET,Standard,"H.No. 162, Pau Road, Hyderabad - 500001",WH-DEL-01,114,crm-service
